Link,Title,Location,Summary
https://www.saramin.co.kr/zf_user/jobs/relay/view?isMypage=no&rec_idx=46301521,ORACLE/PYTHON/JAVA/SQL 개발자 모집,서울금천구,Python  웹개발  데이터시각화  솔루션  Java 외 등록일 23/08/07
https://www.saramin.co.kr/zf_user/jobs/relay/view?isMypage=no&rec_idx=46400778,Python 개발자 신입 및 경력자,서울마포구,Python  백엔드/서버개발  앱개발  웹개발  .NET 외 등록일 23/08/21
https://www.saramin.co.kr/zf_user/jobs/relay/view?isMypage=no&rec_idx=46091640,특허/상표 데이터 등 분석(Python) 및 사업 기획 모집,서울강남구,Python  데이터분석가  머신러닝  빅데이터  크롤링 외 수정일 23/08/17
https://www.saramin.co.kr/zf_user/jobs/relay/view?isMypage=no&rec_idx=46124906,Python/Django 개발자  디자이너  퍼블리셔  기획자 신입/경력,서울강남구,Python  백엔드/서버개발  앱개발  웹개발  퍼블리셔 외 수정일 23/08/09
https://www.saramin.co.kr/zf_user/jobs/relay/view?isMypage=no&rec_idx=46323254,C# / Python / JAVA 소프트웨어 개발자 채용 (신입/경력),경기용인시 기흥구,Python  RDBMS  ASP.NET  C#  CentOS 외 수정일 23/08/09
https://www.saramin.co.kr/zf_user/jobs/relay/view?isMypage=no&rec_idx=46235548,[토스] Python Developer Assistant,서울강남구,Python  웹개발  Django  API  인터넷금융 등록일 23/07/27
https://www.saramin.co.kr/zf_user/jobs/relay/view?isMypage=no&rec_idx=46353811,Python Developer,서울강남구,Python  웹개발  Kafka  Kubernetes 수정일 23/08/14
https://www.saramin.co.kr/zf_user/jobs/relay/view?isMypage=no&rec_idx=46378911,[강서구/연6500만] 백엔드 개발자 (PHP/Python),서울강서구,Python  백엔드/서버개발  앱개발  웹개발  유지보수 외 등록일 23/08/17
https://www.saramin.co.kr/zf_user/jobs/relay/view?isMypage=no&rec_idx=46225746,Python 개발자(3년이상) 모집,서울마포구,Python  백엔드/서버개발  유지보수  SE(시스템엔지니어)  API 외 수정일 23/07/26
https://www.saramin.co.kr/zf_user/jobs/relay/view?isMypage=no&rec_idx=46313855,SW 엔지니어 채용(Python 개발자/대전 근무),대전유성구,Python  데이터분석가  데이터엔지니어  백엔드/서버개발  웹개발 외 등록일 23/08/08
https://www.saramin.co.kr/zf_user/jobs/relay/view?isMypage=no&rec_idx=46257275,REACT · PHP · PYTHON 개발자 채용,서울영등포구,Python  백엔드/서버개발  앱개발  웹개발  퍼블리셔 외 수정일 23/08/28
https://www.saramin.co.kr/zf_user/jobs/relay/view?isMypage=no&rec_idx=46080939,[전략개발팀] Python(파이썬) 개발자,서울강남구,Python  백엔드/서버개발  웹개발  퍼블리셔  프론트엔드 외 수정일 23/08/03
https://www.saramin.co.kr/zf_user/jobs/relay/view?isMypage=no&rec_idx=46223881,[신입/경력] 온라인 광고 플랫폼 개발 (Python  Django),서울중구,Python  백엔드/서버개발  웹개발  S/W  Django 외 수정일 23/08/28
https://www.saramin.co.kr/zf_user/jobs/relay/view?isMypage=no&rec_idx=42358916,[패스오더] 백엔드 개발자 (Spring  Python  MSA) (병역특례/산업기능요원/보충역/전직),서울강남구,Python  백엔드/서버개발  웹개발  DBA  SE(시스템엔지니어) 외 수정일 23/08/21
https://www.saramin.co.kr/zf_user/jobs/relay/view?isMypage=no&rec_idx=46361609,Python 개발자 정규직 채용,서울금천구,Python  DBMS  C언어  Java  Javascript 외 등록일 23/08/16
https://www.saramin.co.kr/zf_user/jobs/relay/view?isMypage=no&rec_idx=46417709,[주4.5일] Python 개발직무 경력 채용,서울구로구,Python  백엔드/서버개발  데이터마이닝  딥러닝  머신러닝 외 등록일 23/08/23
https://www.saramin.co.kr/zf_user/jobs/relay/view?isMypage=no&rec_idx=43750042,(주)바이오커넥트 - [신입 및 경력] 영상처리 알고리즘 개발(Python 딥러닝),서울전체,Python  데이터분석가  딥러닝  머신러닝  블록체인 외 수정일 22/12/26
https://www.saramin.co.kr/zf_user/jobs/relay/view?isMypage=no&rec_idx=46412489,프로그래밍(JAVA  Python) / 디자인 / OA 분야 강사 채용,충북청주시 상당구,Python  데이터분석가  백엔드/서버개발  앱개발  웹개발 외 등록일 23/08/22
https://www.saramin.co.kr/zf_user/jobs/relay/view?isMypage=no&rec_idx=46325296,백엔드/서버개발/Python/웹마스터 개발자 모집,부산해운대구,Python  백엔드/서버개발  웹마스터  프론트엔드  전자상거래 외 수정일 23/08/17
https://www.saramin.co.kr/zf_user/jobs/relay/view?isMypage=no&rec_idx=46334523,빅데이터/DataAnalysis/Python/JAVA/SAS 인재 채용,서울강남구,Python  데이터분석가  빅데이터  클라우드  Java 외 등록일 23/08/10
https://www.saramin.co.kr/zf_user/jobs/relay/view?isMypage=no&rec_idx=46283625,Python / 백엔드 개발자 경력 채용,서울마포구,Python  백엔드/서버개발  앱개발  웹개발  S/W 외 수정일 23/08/04
https://www.saramin.co.kr/zf_user/jobs/relay/view?isMypage=no&rec_idx=45565606,백엔드 엔지니어 (Python),서울마포구,Python  백엔드/서버개발  웹개발  프론트엔드  SE(시스템엔지니어) 외 등록일 23/04/24
https://www.saramin.co.kr/zf_user/jobs/relay/view?isMypage=no&rec_idx=46379874,머신비전 개발자   C/C++/C#  OpenCV  MIL  PYTHON  딥러닝,경기용인시 기흥구,Python  머신러닝  빅데이터  S/W  AI(인공지능) 외 등록일 23/08/17
https://www.saramin.co.kr/zf_user/jobs/relay/view?isMypage=no&rec_idx=46346735,Python&딥러닝&머신러닝 외 정규직 채용합니다(신입  경력),경기안양시 동안구,Python  딥러닝  머신러닝  빅데이터  AI(인공지능) 외 등록일 23/08/13
https://www.saramin.co.kr/zf_user/jobs/relay/view?isMypage=no&rec_idx=46312101,웹/앱 백엔드개발자(python)채용,인천부평구,Python  백엔드/서버개발  앱개발  웹개발  크롤링 외 등록일 23/08/08
https://www.saramin.co.kr/zf_user/jobs/relay/view?isMypage=no&rec_idx=46218793,[인텔리전스랩스] 글로벌 빌링 서비스 백엔드 개발자(Go/Python),경기성남시 분당구,Python  API  .NET  AWS  Node.js 외 등록일 23/07/25
https://www.saramin.co.kr/zf_user/jobs/relay/view?isMypage=no&rec_idx=46353692,Python Developer (Platform),서울강남구,Python  클라우드  DevOps  IDC 수정일 23/08/14
https://www.saramin.co.kr/zf_user/jobs/relay/view?isMypage=no&rec_idx=46286917,[안진회계법인] 공공기관 스크래핑 담당자 (Java/Python),서울영등포구,Python  백엔드/서버개발  웹개발  Java  회계법인 등록일 23/08/04
https://www.saramin.co.kr/zf_user/jobs/relay/view?isMypage=no&rec_idx=46450048,차량용 Software Test 자동화 개발(Python) 및 검증,인천서구,Python  솔루션  S/W  솔루션업체  소프트웨어개발 등록일 23/08/28
https://www.saramin.co.kr/zf_user/jobs/relay/view?isMypage=no&rec_idx=46445921,[에이블맥스(주)] ICT기술팀 연구개발자(Python  C++ 등) 채용,서울강남구,Python  기술지원  데이터분석가  데이터엔지니어  SE(시스템엔지니어) 외 등록일 23/08/28
https://www.saramin.co.kr/zf_user/jobs/relay/view?isMypage=no&rec_idx=46445123,[채용] C# S/W 개발자  Python 응용 S/W 및 AI 로봇 개발,서울금천구,Python  AI(인공지능)  C#  Java  SQL 외 등록일 23/08/28
https://www.saramin.co.kr/zf_user/jobs/relay/view?isMypage=no&rec_idx=45865684,[운영개선팀] Python(파이썬) 개발자,서울강남구,Python  백엔드/서버개발  웹개발  퍼블리셔  프론트엔드 외 수정일 23/06/07
https://www.saramin.co.kr/zf_user/jobs/relay/view?isMypage=no&rec_idx=46407117,헬리오센(주) Python 응용S/W 개발자 경력 채용,경기성남시 분당구,Python  백엔드/서버개발  프론트엔드  C#  C++ 외 등록일 23/08/22
https://www.saramin.co.kr/zf_user/jobs/relay/view?isMypage=no&rec_idx=41068534,[패스오더] 백엔드 개발자(Spring  Python  MSA),서울강남구,Python  백엔드/서버개발  웹개발  SE(시스템엔지니어)  인프라 외 수정일 23/08/24
https://www.saramin.co.kr/zf_user/jobs/relay/view?isMypage=no&rec_idx=45981773,이커머스 솔루션 Python Backend 개발자,서울강남구,Python  백엔드/서버개발  웹개발  프론트엔드  SE(시스템엔지니어) 외 수정일 23/08/22
https://www.saramin.co.kr/zf_user/jobs/relay/view?isMypage=no&rec_idx=45822957,Python(파이썬) Backend(3년 이상),서울서초구,Python  백엔드/서버개발  웹개발  프론트엔드  SE(시스템엔지니어) 외 수정일 23/08/28
https://www.saramin.co.kr/zf_user/jobs/relay/view?isMypage=no&rec_idx=46221437,[경력] Solution/SW개발자 채용 - JAVA/Spring/Python,서울강남구,Python  웹개발  S/W  솔루션  Java 외 수정일 23/08/25
https://www.saramin.co.kr/zf_user/jobs/relay/view?isMypage=no&rec_idx=46066151,IT개발·데이터(Python/Linux) 채용,서울영등포구,Python  Linux  소프트웨어개발 등록일 23/07/04
https://www.saramin.co.kr/zf_user/jobs/relay/view?isMypage=no&rec_idx=46241947,[Python] 백엔드 개발자(3년 이상),서울서초구,Python  데이터분석가  백엔드/서버개발  앱개발  웹개발 외 수정일 23/07/28
https://www.saramin.co.kr/zf_user/jobs/relay/view?isMypage=no&rec_idx=46212786,응용 소프트웨어 개발자(PYTHON) 경력직 채용,경기하남시,Python  웹개발  파워빌더  C++  C언어 외 수정일 23/08/28
https://www.saramin.co.kr/zf_user/jobs/relay/view?isMypage=no&rec_idx=41414828,백엔드 엔지니어 (Python),서울서초구,Python  백엔드/서버개발  웹개발  DBA  Django 외 수정일 23/08/07
https://www.saramin.co.kr/zf_user/jobs/relay/view?isMypage=no&rec_idx=46281522,글로벌 SNS 서비스의 주역이 되실 백엔드(Python) 개발자 채용,서울동대문구,Python  데이터분석가  데이터엔지니어  백엔드/서버개발  웹개발 외 수정일 23/08/16
https://www.saramin.co.kr/zf_user/jobs/relay/view?isMypage=no&rec_idx=46431511,[AI번역 서비스] 백엔드 개발자-Python,서울강남구,Python  백엔드/서버개발  Docker  Kubernetes  클라우드 외 수정일 23/08/24
https://www.saramin.co.kr/zf_user/jobs/relay/view?isMypage=no&rec_idx=44846739,해석엔진개발 (C++  Python  MATLAB  CUDA),서울전체,Python  S/W  C++  C언어  Matlab 외 수정일 23/04/20
https://www.saramin.co.kr/zf_user/jobs/relay/view?isMypage=no&rec_idx=45931103,웹개발자(Python  DJango),서울성동구,Python  백엔드/서버개발  웹개발  블록체인  Django 외 수정일 23/06/15
https://www.saramin.co.kr/zf_user/jobs/relay/view?isMypage=no&rec_idx=46430022,[Python SI 수원] 차세대 SCM 구축(4),경기수원시 팔달구,Python  Hadoop  Pandas  SI·시스템통합  솔루션업체 외 등록일 23/08/24
https://www.saramin.co.kr/zf_user/jobs/relay/view?isMypage=no&rec_idx=46254060,Admin 개발 (Web/Python/Django),서울마포구,Python  백엔드/서버개발  웹개발  퍼블리셔  프론트엔드 외 등록일 23/07/31
https://www.saramin.co.kr/zf_user/jobs/relay/view?isMypage=no&rec_idx=46363277,Python/Django 백엔드 개발자 (2년 이상),서울마포구,Python  백엔드/서버개발  웹개발  SE(시스템엔지니어)  검색엔진 외 수정일 23/08/23
https://www.saramin.co.kr/zf_user/jobs/relay/view?isMypage=no&rec_idx=46392463,시니어 백엔드 개발자(모바일게임 Node.js AWS API Python SQL),경기성남시 수정구,Python  백엔드/서버개발  GM(게임운영)  API  AWS 외 등록일 23/08/21
https://www.saramin.co.kr/zf_user/jobs/relay/view?isMypage=no&rec_idx=46379984,Front/ Backend 시스템 개발 및 운영(Java/ Python 기반),서울중구,Python  백엔드/서버개발  앱개발  웹개발  프론트엔드 외 수정일 23/08/17
https://www.saramin.co.kr/zf_user/jobs/relay/view?isMypage=no&rec_idx=46444147,데이터 분석 및 지표 설계 (R  Python SQL)/ 중견기업,경기성남시 분당구,Python  데이터분석가  빅데이터  R  SQL 외 수정일 23/08/27
https://www.saramin.co.kr/zf_user/jobs/relay/view?isMypage=no&rec_idx=45226757,Python Backend Developer (Middle),서울강남구,Python  백엔드/서버개발  웹개발  DBA  인프라 외 수정일 23/07/14
https://www.saramin.co.kr/zf_user/jobs/relay/view?isMypage=no&rec_idx=45425126,Python Backend Developer (Senior),서울강남구,Python  백엔드/서버개발  웹개발  DBA  인프라 외 수정일 23/07/14
https://www.saramin.co.kr/zf_user/jobs/relay/view?isMypage=no&rec_idx=46243431,Python 개발자 모집,서울영등포구,Python  웹개발  솔루션  ERP  CRM 외 등록일 23/07/28
https://www.saramin.co.kr/zf_user/jobs/relay/view?isMypage=no&rec_idx=46106890,크립토택스팀과 함께할 Python 개발자를 찾고 있어요,서울강남구,Python  블록체인  알고리즘  API  AWS 외 수정일 23/08/08
https://www.saramin.co.kr/zf_user/jobs/relay/view?isMypage=no&rec_idx=44768051,[경력] 서버 엔지니어 (Python),서울강남구,Python  백엔드/서버개발  웹개발  프론트엔드  Django 외 수정일 23/05/12
https://www.saramin.co.kr/zf_user/jobs/relay/view?isMypage=no&rec_idx=46217583,ROS2/Vision/MFC/C# Python Tensorflow CUDA yolo v5 개발직,충남천안시 동남구,Python  S/W  C#  VisualC·C++  C++ 외 등록일 23/07/25
https://www.saramin.co.kr/zf_user/jobs/relay/view?isMypage=no&rec_idx=46134281,[경력/신입] 개발실 소프트웨어 개발자 모집(python 개발자 우대,경기구리시,Python  백엔드/서버개발  프론트엔드  Tensorflow  솔루션업체 등록일 23/07/13
https://www.saramin.co.kr/zf_user/jobs/relay/view?isMypage=no&rec_idx=46350450,RPA  Python  Javascript 외 정규직 모집 공고(신입),경기성남시 중원구,Python  RPA  Javascript  JSP  소프트웨어개발 등록일 23/08/14
https://www.saramin.co.kr/zf_user/jobs/relay/view?isMypage=no&rec_idx=46338032,플랫폼개발(Python  Java) 경력직(3년이상) 채용,서울강남구,Python  백엔드/서버개발  웹개발  RDBMS  AWS 외 수정일 23/08/11
https://www.saramin.co.kr/zf_user/jobs/relay/view?isMypage=no&rec_idx=45208631,[에이젠글로벌] Python Backend Engineer,서울전체,Python  백엔드/서버개발  웹개발  프론트엔드  DBA 외 수정일 23/08/04
https://www.saramin.co.kr/zf_user/jobs/relay/view?isMypage=no&rec_idx=45150066,Python 개발자 채용,경기전체,Python  SE(시스템엔지니어)  인프라  DevOps  Linux 외 수정일 23/07/18
https://www.saramin.co.kr/zf_user/jobs/relay/view?isMypage=no&rec_idx=46031768,Python 개발자 채용,경기용인시 기흥구,Python  DevOps  네트워크  MLOps  소프트웨어개발 수정일 23/07/18
https://www.saramin.co.kr/zf_user/jobs/relay/view?isMypage=no&rec_idx=46206329,[STO 투자 플랫폼] 백엔드 python 개발자 채용,서울구로구,Python  백엔드/서버개발  앱개발  웹개발  웹표준·웹접근성 외 등록일 23/07/24
https://www.saramin.co.kr/zf_user/jobs/relay/view?isMypage=no&rec_idx=46215804,[(주)ATG 백엔드 개발자(JAVA / Python 가능자) 경력 채용],경기성남시 분당구,Python  백엔드/서버개발  SE(시스템엔지니어)  정보통신  RDBMS 외 수정일 23/08/08
https://www.saramin.co.kr/zf_user/jobs/relay/view?isMypage=no&rec_idx=46266536,백엔드 개발자(Python  Django),경기전체,Python  백엔드/서버개발  웹개발  퍼블리셔  프론트엔드 외 수정일 23/08/09
https://www.saramin.co.kr/zf_user/jobs/relay/view?isMypage=no&rec_idx=46267505,[어터] 백엔드 개발자(Python  Django) 채용,경기성남시 분당구,Python  백엔드/서버개발  API  AWS  CSS 외 수정일 23/08/09
https://www.saramin.co.kr/zf_user/jobs/relay/view?isMypage=no&rec_idx=46384225,Sr. Back-end Engineer (백엔드 개발자  Python) - 글로벌 IT,서울강남구,Python  백엔드/서버개발  웹개발  모델링  클라우드 외 등록일 23/08/18
https://www.saramin.co.kr/zf_user/jobs/relay/view?isMypage=no&rec_idx=46397880,Backend Engineer (Django  Python),서울중구,Python  백엔드/서버개발  API  RDBMS  AWS 외 등록일 23/08/21
https://www.saramin.co.kr/zf_user/jobs/relay/view?isMypage=no&rec_idx=46424070,보안 솔루션 개발/Go  Python,서울구로구,Python  RDBMS  GoLang  Pytorch  빅데이터 외 등록일 23/08/23
https://www.saramin.co.kr/zf_user/jobs/relay/view?isMypage=no&rec_idx=46441989,(수원) 삼성 프로젝트 개발 - 고급  Java  Python,경기수원시 영통구,Python  백엔드/서버개발  웹개발  프론트엔드  SI개발 외 등록일 23/08/25
https://www.saramin.co.kr/zf_user/jobs/relay/view?isMypage=no&rec_idx=46025032,Python 백엔드 개발자,서울마포구,Python  백엔드/서버개발  웹개발  프론트엔드  DBA 외 수정일 23/06/28
https://www.saramin.co.kr/zf_user/jobs/relay/view?isMypage=no&rec_idx=46167833,[핀테크/python] 백엔드 엔지니어 (6년 이상),서울중구,Python  백엔드/서버개발  앱개발  웹개발  솔루션 외 수정일 23/08/23
https://www.saramin.co.kr/zf_user/jobs/relay/view?isMypage=no&rec_idx=46363603,시장의 판도를 바꿀 체험단 서비스(머니쿤) Python 개발자 채용,서울동대문구,Python  데이터분석가  데이터엔지니어  백엔드/서버개발  웹개발 외 수정일 23/08/18
https://www.saramin.co.kr/zf_user/jobs/relay/view?isMypage=no&rec_idx=46447106,Python 시스템 개발자 신입 및 경력사원 채용,경기성남시 분당구,IT컨설팅  딥러닝  MySQL  Pytorch  Tensorflow 외 등록일 23/08/28
https://www.saramin.co.kr/zf_user/jobs/relay/view?isMypage=no&rec_idx=46210596,파이썬 개발자(신입),서울강남구,Python  데이터엔지니어  백엔드/서버개발  데이터시각화  머신러닝 외 등록일 23/07/24
https://www.saramin.co.kr/zf_user/jobs/relay/view?isMypage=no&rec_idx=46371872,파이썬 개발자 인력 채용,서울영등포구,Python  딥러닝  알고리즘  컴퓨터비전  Django 외 등록일 23/08/17
https://www.saramin.co.kr/zf_user/jobs/relay/view?isMypage=no&rec_idx=46414107,파이썬 개발자 모집(제주대학교),제주제주시,Python  데이터분석가  데이터엔지니어  백엔드/서버개발  앱개발 외 수정일 23/08/28
https://www.saramin.co.kr/zf_user/jobs/relay/view?isMypage=no&rec_idx=46284615,파이썬 백엔드 신입/경력 개발자 Recruiting,서울강남구,Python  백엔드/서버개발  웹개발  클라우드  API 외 수정일 23/08/04
https://www.saramin.co.kr/zf_user/jobs/relay/view?isMypage=no&rec_idx=46432135,[스쿨닷츠] 온라인 코딩 튜터: 마인크래프트  로블록스  파이썬,서울마포구,파트강사  컴퓨터교육  온라인교육  게임개발  코딩 외 수정일 23/08/24
https://www.saramin.co.kr/zf_user/jobs/relay/view?isMypage=no&rec_idx=46300880,[알스퀘어] 파이썬 백엔드 서버 개발자 경력직 채용,서울강남구,Python  백엔드/서버개발  인프라  API  RDBMS 외 등록일 23/08/07
https://www.saramin.co.kr/zf_user/jobs/relay/view?isMypage=no&rec_idx=46298067,파이썬 개발자 경력사원 채용공고 - (정규직& 계약직),서울금천구,Python  Django  Flask  MySQL  유지보수 외 등록일 23/08/07
https://www.saramin.co.kr/zf_user/jobs/relay/view?isMypage=no&rec_idx=46316107,파이썬 개발자 경력모집,서울금천구,Python  Django  Flask  MySQL  유지보수 외 등록일 23/08/08
https://www.saramin.co.kr/zf_user/jobs/relay/view?isMypage=no&rec_idx=46305135,리걸테크스타트업 벽촌에서 파이썬 백앤드 개발자 님을 모십니다,서울강서구,Python  백엔드/서버개발  웹개발  클라우드  AWS 외 수정일 23/08/07
https://www.saramin.co.kr/zf_user/jobs/relay/view?isMypage=no&rec_idx=46250503,머신러닝  딥러닝  파이썬 데이터 분석 개발자 모집(제주대학교),제주제주시,Python  딥러닝  머신러닝  알고리즘  AI(인공지능) 외 등록일 23/07/30
https://www.saramin.co.kr/zf_user/jobs/relay/view?isMypage=no&rec_idx=45179740,파이썬 백엔드 엔지니어,서울전체,Python  백엔드/서버개발  웹개발  DBA  SE(시스템엔지니어) 외 등록일 23/03/03
https://www.saramin.co.kr/zf_user/jobs/relay/view?isMypage=no&rec_idx=46252290,[데이타메이션] 파이썬 경력사원,서울구로구,Python  IT컨설팅  Java  SI·시스템통합  솔루션업체 외 수정일 23/08/16
https://www.saramin.co.kr/zf_user/jobs/relay/view?isMypage=no&rec_idx=46356668,[정규직] 웹/앱 개발자 모집(파이썬 필수),서울영등포구,Python  앱개발  웹개발  Java  SI·시스템통합 외 수정일 23/08/14
https://www.saramin.co.kr/zf_user/jobs/relay/view?isMypage=no&rec_idx=46163225,자바/빅데이터/파이썬 교강사 모집,서울영등포구,Python  빅데이터  Java  Spring  대학강사 외 수정일 23/07/17
https://www.saramin.co.kr/zf_user/jobs/relay/view?isMypage=no&rec_idx=46393029,C# /C++/파이선 프로그램 사용가능자 모집,경기부천시,Python  C#  C++  기계  메카트로닉스 등록일 23/08/21
https://www.saramin.co.kr/zf_user/jobs/relay/view?isMypage=no&rec_idx=46392182,대기업 서비스 파이썬 백앤드 개발자 모십니다.,서울강서구,백엔드/서버개발  웹개발  SI개발  SI·시스템통합 등록일 23/08/20
https://www.saramin.co.kr/zf_user/jobs/relay/view?isMypage=no&rec_idx=46396633,자바/파이선/C언어 프로그램 개발자 훈련교사(강사) 채용,인천미추홀구,기술지원  데이터분석가  데이터엔지니어  SE(시스템엔지니어)  네트워크 외 등록일 23/08/21
https://www.saramin.co.kr/zf_user/jobs/relay/view?isMypage=no&rec_idx=46317380,경기대 빅데이터캠프 파이썬 강사모집 신입/경력 채용,경기수원시 영통구,파트강사  IT강사  IT컨설팅 수정일 23/08/21
https://www.saramin.co.kr/zf_user/jobs/relay/view?isMypage=no&rec_idx=46391023,자바  파이썬 등 개발자 과정 강의가능한 전문강사를 채용합니다,경기성남시 중원구,IT강사  IT학원 등록일 23/08/19
https://www.saramin.co.kr/zf_user/jobs/relay/view?isMypage=no&rec_idx=46432826,레고 -스크래치  파이썬-코딩강사,서울양천구,IT강사  컴퓨터교육  보습학원 수정일 23/08/26
https://www.saramin.co.kr/zf_user/jobs/relay/view?isMypage=no&rec_idx=46411176,2023 공개채용,서울금천구,Python  기술지원  데이터분석가  QA/테스터  임베디드 외 수정일 23/08/24
https://www.saramin.co.kr/zf_user/jobs/relay/view?isMypage=no&rec_idx=46406560,2023년 IBK시스템 경력사원 채용,서울중구,Python  데이터분석가  데이터엔지니어  백엔드/서버개발  앱개발 외 수정일 23/08/22
https://www.saramin.co.kr/zf_user/jobs/relay/view?isMypage=no&rec_idx=46411919,2023년 제2차 4직급 전문인력 채용공고,전남나주시,Python  기술지원  데이터분석가  데이터엔지니어  데이터라벨링 외 수정일 23/08/22
https://www.saramin.co.kr/zf_user/jobs/relay/view?isMypage=no&rec_idx=46081347,각 부문 신입 / 경력 채용,경기군포시,Python  기술지원  데이터분석가  유지보수  머신러닝 외 수정일 23/08/24
https://www.saramin.co.kr/zf_user/jobs/relay/view?isMypage=no&rec_idx=46435597,2023 한화투자증권 하반기 신입사원 채용,서울영등포구,Python  기술지원  데이터분석가  데이터엔지니어  보안컨설팅 외 수정일 23/08/28
https://www.saramin.co.kr/zf_user/jobs/relay/view?isMypage=no&rec_idx=46432443,알피바이오 신입/경력 채용,서울강남구,Python  기술지원  보안컨설팅  유지보수  정보보안 외 수정일 23/08/25
https://www.saramin.co.kr/zf_user/jobs/relay/view?isMypage=no&rec_idx=45750005,딥노이드 신입 ·경력 채용공고,서울구로구,Python  데이터분석가  데이터엔지니어  백엔드/서버개발  보안컨설팅 외 수정일 23/07/25
https://www.saramin.co.kr/zf_user/jobs/relay/view?isMypage=no&rec_idx=46324406,딥노이드 신입 ·경력 채용공고,서울구로구,Python  데이터분석가  데이터엔지니어  백엔드/서버개발  보안컨설팅 외 수정일 23/08/16
https://www.saramin.co.kr/zf_user/jobs/relay/view?isMypage=no&rec_idx=46429618,SW 제어 시스템 CS 엔지니어 구매 재무 인재 채용,경기화성시,Python  앱개발  유지보수  SE(시스템엔지니어)  딥러닝 외 수정일 23/08/24
https://www.saramin.co.kr/zf_user/jobs/relay/view?isMypage=no&rec_idx=46387794,[한국씨티은행] 각 부문 경력직 채용 공고,서울영등포구,Python  앱개발  웹개발  웹마스터  유지보수 외 수정일 23/08/22
https://www.saramin.co.kr/zf_user/jobs/relay/view?isMypage=no&rec_idx=46387430,[교원그룹] 8월 신입/경력 정기 수시채용,서울중구,Python  데이터분석가  데이터엔지니어  백엔드/서버개발  앱개발 외 수정일 23/08/21
https://www.saramin.co.kr/zf_user/jobs/relay/view?isMypage=no&rec_idx=46406646,㈜위즈코리아/㈜위즈COK '23년 하반기 신입/경력 사원 모집,서울강서구,Python  백엔드/서버개발  웹개발  정보보안  퍼블리셔 외 수정일 23/08/25
https://www.saramin.co.kr/zf_user/jobs/relay/view?isMypage=no&rec_idx=46375370,2023년 각 부문 신입/경력 채용,서울구로구,Python  데이터엔지니어  백엔드/서버개발  보안컨설팅  웹개발 외 수정일 23/08/17
https://www.saramin.co.kr/zf_user/jobs/relay/view?isMypage=no&rec_idx=46408801,[뉴미디어회사 알마로꼬] 각 부문 정규직 채용,경기하남시,Python  기술지원  데이터분석가  데이터엔지니어  백엔드/서버개발 외 수정일 23/08/22
https://www.saramin.co.kr/zf_user/jobs/relay/view?isMypage=no&rec_idx=46423008,DKBMC 각 부문별 신입/경력 채용 (Salesforce Solution),서울강남구,Python  백엔드/서버개발  웹개발  정보보안  퍼블리셔 외 수정일 23/08/28
https://www.saramin.co.kr/zf_user/jobs/relay/view?isMypage=no&rec_idx=46270059,비알랩 핵심 직군 경력 채용,서울강남구,Python  백엔드/서버개발  앱개발  딥러닝  머신러닝 외 수정일 23/08/21
https://www.saramin.co.kr/zf_user/jobs/relay/view?isMypage=no&rec_idx=46267746,2023년 신입 및 경력 채용,경기성남시 분당구,Python  유지보수  퍼블리셔  SE(시스템엔지니어)  머신러닝 외 수정일 23/08/02
https://www.saramin.co.kr/zf_user/jobs/relay/view?isMypage=no&rec_idx=46407050,[D2C 미디어커머스] 마케터/MD/웹퍼블리셔/PD/재무회계/법무,서울구로구,Python  퍼블리셔  CSS  CSS3  HTML 외 수정일 23/08/22
https://www.saramin.co.kr/zf_user/jobs/relay/view?isMypage=no&rec_idx=46354993,백엔드개발(자사솔루션/SI) DW데이터엔지니어 세일즈포스 구축 GA개발 글로벌교육자 채용,서울강남구,Python  데이터분석가  데이터엔지니어  백엔드/서버개발  보안컨설팅 외 수정일 23/08/21
https://www.saramin.co.kr/zf_user/jobs/relay/view?isMypage=no&rec_idx=46366294,2023년도 10월 별정직(계약직) 직원 모집,충남천안시,Python  머신러닝  빅데이터  임베디드  자율주행 외 수정일 23/08/17
https://www.saramin.co.kr/zf_user/jobs/relay/view?isMypage=no&rec_idx=46397161,2023년도 연구직 채용,전남나주시,Python  딥러닝  모델링  빅데이터  NLP(자연어처리) 외 수정일 23/08/21
https://www.saramin.co.kr/zf_user/jobs/relay/view?isMypage=no&rec_idx=46418432,[전장부품] 신입/경력사원 채용 (R&D  품질),서울강서구,Python  C++  Linux  품질분석  H/W 외 수정일 23/08/23
https://www.saramin.co.kr/zf_user/jobs/relay/view?isMypage=no&rec_idx=45716121,[현대오토에버] 전 부문 경력직 채용,서울강남구,Python  기술지원  데이터분석가  백엔드/서버개발  보안컨설팅 외 수정일 23/06/21
https://www.saramin.co.kr/zf_user/jobs/relay/view?isMypage=no&rec_idx=46386836,[대림바스]급여/수행기사/물류검사/IT운영개발 사원 채용,서울영등포구,Python  기술지원  백엔드/서버개발  웹개발  웹마스터 외 수정일 23/08/21
https://www.saramin.co.kr/zf_user/jobs/relay/view?isMypage=no&rec_idx=46350236,코나아이㈜ 경력사원 대규모 채용,서울영등포구,Python  데이터분석가  백엔드/서버개발  앱개발  웹개발 외 수정일 23/08/14
https://www.saramin.co.kr/zf_user/jobs/relay/view?isMypage=no&rec_idx=46258636,2023년 8월 NE능률 신입 및 경력(수시) 채용,서울마포구,Python  백엔드/서버개발  보안컨설팅  유지보수  정보보안 외 수정일 23/08/01
https://www.saramin.co.kr/zf_user/jobs/relay/view?isMypage=no&rec_idx=46408686,2023년 하반기 kt MOS 북부 신입/경력 채용,서울강남구,Python  유지보수  네트워크  정보통신  C# 외 수정일 23/08/22
https://www.saramin.co.kr/zf_user/jobs/relay/view?isMypage=no&rec_idx=46378874,[SPC그룹] Secta9ine 2023년 하반기 개발 직군 대규모 채용,서울강남구,Python  백엔드/서버개발  보안컨설팅  앱개발  웹개발 외 수정일 23/08/18
https://www.saramin.co.kr/zf_user/jobs/relay/view?isMypage=no&rec_idx=46113587,신입/경력 직원 수시채용 [IT/개발/SW/기술지원/기획/영업],서울강남구,Python  기술지원  앱개발  웹개발  유지보수 외 수정일 23/08/22
https://www.saramin.co.kr/zf_user/jobs/relay/view?isMypage=no&rec_idx=46387878,㈜솔탑 2023년 부문별 신입/경력사원 모집,대전유성구,Python  데이터엔지니어  백엔드/서버개발  보안컨설팅  웹개발 외 수정일 23/08/24
https://www.saramin.co.kr/zf_user/jobs/relay/view?isMypage=no&rec_idx=46431199,IT 부문 경력직원 공개모집,서울강남구,Python  기술지원  데이터분석가  데이터엔지니어  백엔드/서버개발 외 수정일 23/08/27
https://www.saramin.co.kr/zf_user/jobs/relay/view?isMypage=no&rec_idx=46440613,2023년 하반기(9월) 품질 신입사원 수시채용,충북청주시,Python  SAS  품질관리  품질보증 수정일 23/08/25
https://www.saramin.co.kr/zf_user/jobs/relay/view?isMypage=no&rec_idx=46440591,2023년 하반기(9월) R&D 신입사원 수시채용,대전유성구,Python  데이터분석가  데이터엔지니어  앱개발  모델링 외 수정일 23/08/25
https://www.saramin.co.kr/zf_user/jobs/relay/view?isMypage=no&rec_idx=46393496,[하나금융그룹 자회사] 경력직 수시 채용,서울중구,Python  백엔드/서버개발  웹개발  정보보안  퍼블리셔 외 수정일 23/08/21
https://www.saramin.co.kr/zf_user/jobs/relay/view?isMypage=no&rec_idx=46364602,2023년 하반기 각 부문 신입/경력 공채,대전유성구,Python  데이터분석가  데이터엔지니어  백엔드/서버개발  보안컨설팅 외 수정일 23/08/16
https://www.saramin.co.kr/zf_user/jobs/relay/view?isMypage=no&rec_idx=46354913,각 부문 신입/경력 수시채용,경기시흥시,기술지원  유지보수  SE(시스템엔지니어)  인프라  ERP 외 수정일 23/08/25
https://www.saramin.co.kr/zf_user/jobs/relay/view?isMypage=no&rec_idx=46330210,[이그니스] 랩노쉬 2023년 공개채용,서울성동구,CFA  CFO  IR/공시  관리회계  세무회계 외 수정일 23/08/25
https://www.saramin.co.kr/zf_user/jobs/relay/view?isMypage=no&rec_idx=46441831,[신입/경력] 큐알티(주) 기술연구소 채용(광교 근무  병특 가능),경기수원시 영통구,Python  S/W  기술연구  반도체  알고리즘 외 수정일 23/08/25
https://www.saramin.co.kr/zf_user/jobs/relay/view?isMypage=no&rec_idx=46375504,(주)싸이버로지텍 2023년 경력 채용,서울마포구,Python  데이터분석가  데이터엔지니어  백엔드/서버개발  웹개발 외 수정일 23/08/17
https://www.saramin.co.kr/zf_user/jobs/relay/view?isMypage=no&rec_idx=46420753,기획/PM/개발PL(JAVA)/웹개발(JAVA)/데이터분석 부문 채용,서울송파구,Python  백엔드/서버개발  유지보수  머신러닝  빅데이터 외 수정일 23/08/23
https://www.saramin.co.kr/zf_user/jobs/relay/view?isMypage=no&rec_idx=46435049,에이엠텔레콤㈜ 신입/경력 채용 모집,경기성남시 분당구,Python  기술지원  데이터분석가  데이터엔지니어  백엔드/서버개발 외 수정일 23/08/25
https://www.saramin.co.kr/zf_user/jobs/relay/view?isMypage=no&rec_idx=46166825,2023년 하반기 각 부문 신입/경력 상시 채용,서울서초구,Python  기술지원  데이터분석가  백엔드/서버개발  보안컨설팅 외 수정일 23/08/17
https://www.saramin.co.kr/zf_user/jobs/relay/view?isMypage=no&rec_idx=46353296,메이크샵 사업부 대규모 인재 모집,서울금천구,Python  백엔드/서버개발  앱개발  웹개발  정보보안 외 수정일 23/08/14
https://www.saramin.co.kr/zf_user/jobs/relay/view?isMypage=no&rec_idx=46387248,㈜마크로젠 IT부문 신입/경력 직원채용,서울강남구,Python  데이터엔지니어  백엔드/서버개발  앱개발  웹개발 외 수정일 23/08/21
https://www.saramin.co.kr/zf_user/jobs/relay/view?isMypage=no&rec_idx=46225538,도미노피자 각 부문 (자회사 포함) 공개 채용,서울강남구,Python  기술지원  데이터분석가  데이터엔지니어  백엔드/서버개발 외 수정일 23/08/09
https://www.saramin.co.kr/zf_user/jobs/relay/view?isMypage=no&rec_idx=46275435,유진투자선물 IT 개발/운영 경력사원 채용,서울영등포구,Python  기술지원  데이터분석가  데이터엔지니어  백엔드/서버개발 외 수정일 23/08/03
https://www.saramin.co.kr/zf_user/jobs/relay/view?isMypage=no&rec_idx=46410972,[NICE피앤아이] 2023년 3분기 정규직(신입&경력) 채용,서울영등포구,Python  정보보안  SE(시스템엔지니어)  네트워크  C++ 외 수정일 23/08/23
https://www.saramin.co.kr/zf_user/jobs/relay/view?isMypage=no&rec_idx=46275250,(주)리파인 각 부문별 신입/경력 채용공고,서울강남구,Python  데이터분석가  데이터엔지니어  백엔드/서버개발  유지보수 외 수정일 23/08/16
https://www.saramin.co.kr/zf_user/jobs/relay/view?isMypage=no&rec_idx=46397331,㈜유니테스트 각 부문 신입 및 경력 채용,경기용인시 기흥구,Python  백엔드/서버개발  앱개발  유지보수  QA/테스터 외 수정일 23/08/21
https://www.saramin.co.kr/zf_user/jobs/relay/view?isMypage=no&rec_idx=46426236,2023년 KINX 공개채용,서울강남구,Python  기술지원  데이터분석가  데이터엔지니어  백엔드/서버개발 외 수정일 23/08/28
https://www.saramin.co.kr/zf_user/jobs/relay/view?isMypage=no&rec_idx=46428841,[판교] 개발자 및 엔지니어 채용,경기성남시 분당구,Python  기술지원  데이터엔지니어  앱개발  웹개발 외 수정일 23/08/25
https://www.saramin.co.kr/zf_user/jobs/relay/view?isMypage=no&rec_idx=46311788,2023년 하반기 신입/경력 모집,경기성남시 수정구,Python  QA/테스터  딥러닝  머신러닝  빅데이터 외 수정일 23/08/25
https://www.saramin.co.kr/zf_user/jobs/relay/view?isMypage=no&rec_idx=46307175,(주)덱스터스튜디오 VP본부 채용,서울마포구,Python  모델링  AR(증강현실)  VR(가상현실)  C++ 외 등록일 23/08/07
https://www.saramin.co.kr/zf_user/jobs/relay/view?isMypage=no&rec_idx=46273363,[이든앤앨리스마케팅] 마케팅 AE 경력직 채용,서울강남구,Python  기술지원  백엔드/서버개발  앱개발  웹개발 외 수정일 23/08/02
https://www.saramin.co.kr/zf_user/jobs/relay/view?isMypage=no&rec_idx=45385266,각 분야 채용공고,서울용산구,Python  데이터엔지니어  유지보수  SE(시스템엔지니어)  빅데이터 외 수정일 23/07/27
https://www.saramin.co.kr/zf_user/jobs/relay/view?isMypage=no&rec_idx=46244655,㈜마이크로인피니티 수원사업장 정규직 사원 모집,경기수원시 영통구,Python  유지보수  SE(시스템엔지니어)  임베디드  펌웨어 외 수정일 23/08/01
https://www.saramin.co.kr/zf_user/jobs/relay/view?isMypage=no&rec_idx=46366150,㈜푸드테크 하반기 신입/경력 전부문 채용,서울강남구,Python  데이터분석가  데이터엔지니어  백엔드/서버개발  웹개발 외 수정일 23/08/25
https://www.saramin.co.kr/zf_user/jobs/relay/view?isMypage=no&rec_idx=41757583,2023년 하반기 신입 및 경력 대규모 채용,서울금천구,Python  웹개발  MySQL  PHP  사무직 외 수정일 23/07/31
https://www.saramin.co.kr/zf_user/jobs/relay/view?isMypage=no&rec_idx=46037126,[아이디어키] 2023년 각 부문 신입/경력 채용,서울강남구,Python  백엔드/서버개발  웹개발  검색엔진  솔루션 외 수정일 23/08/28
https://www.saramin.co.kr/zf_user/jobs/relay/view?isMypage=no&rec_idx=46274075,[사업확장] 각 부문 신규 채용,경기성남시 분당구,Python  기술지원  데이터분석가  데이터엔지니어  백엔드/서버개발 외 수정일 23/08/02
https://www.saramin.co.kr/zf_user/jobs/relay/view?isMypage=no&rec_idx=46323586,(주)에이콘컴퍼니 정기 공채 채용,서울서초구,Python  백엔드/서버개발  웹개발  유지보수  프론트엔드 외 등록일 23/08/09
https://www.saramin.co.kr/zf_user/jobs/relay/view?isMypage=no&rec_idx=46055369,2023년 에스피파트너스 하반기 채용 공고,대구동구,Python  데이터분석가  데이터엔지니어  웹개발  데이터마이닝 외 수정일 23/07/03
https://www.saramin.co.kr/zf_user/jobs/relay/view?isMypage=no&rec_idx=46384533,(주)스쿨버스 서버 백엔드 개발자  클라(Flutter) 개발자 채용,서울강서구,Python  백엔드/서버개발  앱개발  웹개발  데이터마이닝 외 수정일 23/08/24
https://www.saramin.co.kr/zf_user/jobs/relay/view?isMypage=no&rec_idx=46438763,㈜파이버프로 2023년도 부문별 채용공고,대전유성구,Python  펌웨어  FPGA  H/W  MCU 외 수정일 23/08/28
https://www.saramin.co.kr/zf_user/jobs/relay/view?isMypage=no&rec_idx=46436424,2023년도 경력직원 채용공고,부산강서구,Python  데이터엔지니어  보안컨설팅  앱개발  웹개발 외 수정일 23/08/25
https://www.saramin.co.kr/zf_user/jobs/relay/view?isMypage=no&rec_idx=46306099,2023 각 부문별 신입/경력 채용 (마케팅 CX/CS 개발 등),서울금천구,Python  백엔드/서버개발  AWS  Git  Linux 외 수정일 23/08/28
https://www.saramin.co.kr/zf_user/jobs/relay/view?isMypage=no&rec_idx=46413833,[안랩-제이슨] 신입 및 경력 모집_빅데이터/프리세일즈/영업지원/백엔드,서울마포구,Python  데이터분석가  백엔드/서버개발  보안컨설팅  웹개발 외 수정일 23/08/23
https://www.saramin.co.kr/zf_user/jobs/relay/view?isMypage=no&rec_idx=46237808,전 직무 채용 [물류자동화/개발/설계/사업기획/영업지원],경기성남시 분당구,Python  백엔드/서버개발  앱개발  웹개발  딥러닝 외 수정일 23/08/04
https://www.saramin.co.kr/zf_user/jobs/relay/view?isMypage=no&rec_idx=46027136,[ DBA / QA / 데이터분석 / SAP FI 모듈 운영 ] 각 부문별 채용,서울서초구,Python  기술지원  데이터분석가  데이터엔지니어  백엔드/서버개발 외 수정일 23/08/24
https://www.saramin.co.kr/zf_user/jobs/relay/view?isMypage=no&rec_idx=46426718,[주4.5일근무] 인공지능연구소 딥러닝 연구개발자 채용,서울구로구,Python  백엔드/서버개발  웹개발  데이터마이닝  데이터시각화 외 수정일 23/08/24
https://www.saramin.co.kr/zf_user/jobs/relay/view?isMypage=no&rec_idx=46316809,웹 개발자 (Web 개발) 구인,서울강남구,Python  백엔드/서버개발  웹개발  프론트엔드  Java 외 등록일 23/08/08
https://www.saramin.co.kr/zf_user/jobs/relay/view?isMypage=no&rec_idx=46273811,(주)콘돌 2023 하반기 각 부문별 모집,서울강동구,Python  데이터엔지니어  백엔드/서버개발  앱개발  웹개발 외 수정일 23/08/10
https://www.saramin.co.kr/zf_user/jobs/relay/view?isMypage=no&rec_idx=46384841,그레이스앤파트너스㈜ 2023 상반기 경력직 업종별 채용,서울강남구,Python  IT컨설팅  솔루션  관리회계  기업회계 외 수정일 23/08/22
https://www.saramin.co.kr/zf_user/jobs/relay/view?isMypage=no&rec_idx=46365173,경력직 채용공고(자동차상품파트  TM업무파트),서울전체,Python  SAS  사무직  서무  송무비서 외 수정일 23/08/24
https://www.saramin.co.kr/zf_user/jobs/relay/view?isMypage=no&rec_idx=46341376,[현대오토에버] 차량SW/ICT 부문 경력 상시채용,서울강남구,Python  기술지원  데이터분석가  백엔드/서버개발  보안컨설팅 외 수정일 23/08/23
https://www.saramin.co.kr/zf_user/jobs/relay/view?isMypage=no&rec_idx=46408296,(주)뉴트리원 하반기 각 부문별 채용,서울송파구,Python  데이터분석가  데이터엔지니어  데이터라벨링  데이터마이닝 외 수정일 23/08/22
https://www.saramin.co.kr/zf_user/jobs/relay/view?isMypage=no&rec_idx=46399257,신규 사업 서비스 기획자  앱개발자  AI 기술 개발자  풀스택 개발자 채용,서울서초구,Python  데이터분석가  데이터엔지니어  백엔드/서버개발  웹개발 외 수정일 23/08/21
https://www.saramin.co.kr/zf_user/jobs/relay/view?isMypage=no&rec_idx=45602030,[리트빅] 부문별 신입/경력 인재 채용,경기성남시 분당구,Python  기술지원  데이터분석가  데이터엔지니어  백엔드/서버개발 외 수정일 23/08/25
https://www.saramin.co.kr/zf_user/jobs/relay/view?isMypage=no&rec_idx=46421480,한일네트웍스 컨택센터 솔루션 분야 개발자 채용 신입/경력,서울마포구,Python  백엔드/서버개발  웹개발  프론트엔드  IT컨설팅 외 등록일 23/08/23
https://www.saramin.co.kr/zf_user/jobs/relay/view?isMypage=no&rec_idx=46205668,[직영] DYB최선어학원 각 부문 STAFF 모집,서울강남구,Python  영상처리  Ajax  AWS  HTML 외 수정일 23/07/25
https://www.saramin.co.kr/zf_user/jobs/relay/view?isMypage=no&rec_idx=46306175,헥토이노베이션 직군별 인재 모집,서울강남구,Python  데이터분석가  백엔드/서버개발  앱개발  웹개발 외 수정일 23/08/07
https://www.saramin.co.kr/zf_user/jobs/relay/view?isMypage=no&rec_idx=46267794,2023년 IT부문 및 일반부문 신입/경력직 채용공고,서울영등포구,Python  백엔드/서버개발  보안컨설팅  앱개발  웹개발 외 수정일 23/08/11
https://www.saramin.co.kr/zf_user/jobs/relay/view?isMypage=no&rec_idx=46396511,하반기 각 부문 신입/경력사원 공개채용,경기화성시,Python  기술지원  데이터분석가  데이터엔지니어  유지보수 외 수정일 23/08/22
https://www.saramin.co.kr/zf_user/jobs/relay/view?isMypage=no&rec_idx=46266408,[에듀테크 스타트업 오누이] 분야별 채용,서울마포구,Python  기술지원  데이터분석가  데이터엔지니어  백엔드/서버개발 외 수정일 23/08/23
https://www.saramin.co.kr/zf_user/jobs/relay/view?isMypage=no&rec_idx=46404026,지니틱스 각 부문 엔지니어 모집,경기용인시 기흥구,Python  FAE  QA/테스터  SE(시스템엔지니어)  알고리즘 외 수정일 23/08/24
https://www.saramin.co.kr/zf_user/jobs/relay/view?isMypage=no&rec_idx=46255778,[국비지원 무료교육] 항공우주전문인력양성사업 항공ICT 설계 융합 엔지니어 양성 과정(2차) 교육생 모집,서울마포구,Python  데이터분석가  데이터엔지니어  백엔드/서버개발  웹개발 외 수정일 23/08/02
https://www.saramin.co.kr/zf_user/jobs/relay/view?isMypage=no&rec_idx=46330146,AI  머신러닝 데이터분석가 등 신입 및 경력 채용,서울강남구,Python  데이터분석가  머신러닝  빅데이터  AI(인공지능) 외 수정일 23/08/10
https://www.saramin.co.kr/zf_user/jobs/relay/view?isMypage=no&rec_idx=46449803,2023년 9월 IT 부문 신입사원 채용,서울서초구,Python  머신러닝  모델링  모의해킹  인프라 외 수정일 23/08/28
https://www.saramin.co.kr/zf_user/jobs/relay/view?isMypage=no&rec_idx=46450014,2023년 9월 연구개발 부문 신입사원 채용,경기화성시,Python  S/W  아키텍쳐  컴플라이언스  시스템설계 외 수정일 23/08/28
https://www.saramin.co.kr/zf_user/jobs/relay/view?isMypage=no&rec_idx=46413665,[식품안전정보원] 2023년 제3차 기간제 직원 채용 공고,서울종로구,사무직  사무행정  전화응대  식품연구  정책연구 외 수정일 23/08/24
https://www.saramin.co.kr/zf_user/jobs/relay/view?isMypage=no&rec_idx=46190581,[인텔리전스랩스] 데이터 분석가 (메이플스토리 게임 분석),경기성남시 분당구,Python  데이터분석가  Spark  SQL  게임 등록일 23/07/20
https://www.saramin.co.kr/zf_user/jobs/relay/view?isMypage=no&rec_idx=46451478,칠곡경북대학교병원 감염내과 행정직(의학통계) 채용,대구북구,Python  데이터분석가  R  종합병원 수정일 23/08/28
https://www.saramin.co.kr/zf_user/jobs/relay/view?isMypage=no&rec_idx=46083437,서울대학교병원 데이터 엔지니어 채용,서울종로구,Python  데이터분석가  데이터엔지니어  머신러닝  빅데이터 외 수정일 23/07/06
https://www.saramin.co.kr/zf_user/jobs/relay/view?isMypage=no&rec_idx=46415796,Junior DevOps Engineer - SRE,서울강남구,Python  백엔드/서버개발  웹개발  프론트엔드  SE(시스템엔지니어) 외 등록일 23/08/23
https://www.saramin.co.kr/zf_user/jobs/relay/view?isMypage=no&rec_idx=46094091,LG디스플레이 Vision S/W 분야 경력 상시채용,서울강서구,Python  머신러닝  증착  디스플레이  반도체 외 등록일 23/07/07
https://www.saramin.co.kr/zf_user/jobs/relay/view?isMypage=no&rec_idx=46418960,IT전산/IT행정 담당자 채용,대구수성구,Python  유지보수  SE(시스템엔지니어)  SI개발  Java 외 등록일 23/08/23
https://www.saramin.co.kr/zf_user/jobs/relay/view?isMypage=no&rec_idx=46413779,2023년 신입 및 경력사원 모집,경기안양시 동안구,Python  데이터분석가  FPGA  H/W  S/W 외 수정일 23/08/25
https://www.saramin.co.kr/zf_user/jobs/relay/view?isMypage=no&rec_idx=46378099,Azure infra 구축 엔지니어,서울강남구,Python  데이터엔지니어  백엔드/서버개발  유지보수  SE(시스템엔지니어) 외 수정일 23/08/17
https://www.saramin.co.kr/zf_user/jobs/relay/view?isMypage=no&rec_idx=46330881,생물정보분석(Bioinformatics) 직원 채용(신입/경력),서울강서구,Python  데이터분석가  데이터엔지니어  머신러닝  알고리즘 외 수정일 23/08/10
https://www.saramin.co.kr/zf_user/jobs/relay/view?isMypage=no&rec_idx=46410962,[신입/경력] Software QA Engineer 채용,경기성남시 분당구,Python  QA/테스터  C++  C언어  Java 외 등록일 23/08/22
https://www.saramin.co.kr/zf_user/jobs/relay/view?isMypage=no&rec_idx=46383972,[아프리카TV] 서버운영 및 모니터링 (Operation Engineer),서울서초구,Python  기술지원  유지보수  SE(시스템엔지니어)  네트워크 외 등록일 23/08/18
https://www.saramin.co.kr/zf_user/jobs/relay/view?isMypage=no&rec_idx=46408014,고객 및 디지털 데이터 분석(차장~부장),서울전체,Python  데이터분석가  웹개발  DBA  SE(시스템엔지니어) 외 등록일 23/08/22
https://www.saramin.co.kr/zf_user/jobs/relay/view?isMypage=no&rec_idx=46253980,(주)더캐리 정보혁신부 IT부문별 공개채용,서울용산구,Python  백엔드/서버개발  앱개발  웹개발  프론트엔드 외 등록일 23/07/31
https://www.saramin.co.kr/zf_user/jobs/relay/view?isMypage=no&rec_idx=46051941,[뮤직플랫폼FLO] Backend(Junior) 개발자,서울서초구,Python  백엔드/서버개발  웹개발  SE(시스템엔지니어)  블록체인 외 등록일 23/07/03
https://www.saramin.co.kr/zf_user/jobs/relay/view?isMypage=no&rec_idx=46335051,웹 백엔드 작업 및 API 개발,경기전체,Python  백엔드/서버개발  웹개발  C++  C언어 외 등록일 23/08/10
https://www.saramin.co.kr/zf_user/jobs/relay/view?isMypage=no&rec_idx=46342855,(주)디지털존 사업기획팀 인공지능 개발자 채용,서울마포구,Python  데이터분석가  백엔드/서버개발  앱개발  웹개발 외 수정일 23/08/11
https://www.saramin.co.kr/zf_user/jobs/relay/view?isMypage=no&rec_idx=46378368,인공지능 서비스 연구개발자,서울전체,Python  데이터분석가  웹개발  딥러닝  머신러닝 외 등록일 23/08/17
https://www.saramin.co.kr/zf_user/jobs/relay/view?isMypage=no&rec_idx=46431116,SAP Business ByDesign FCM 고객상담 유지보수 담당자 모집,서울종로구,Python  데이터분석가  데이터엔지니어  백엔드/서버개발  보안컨설팅 외 수정일 23/08/25
https://www.saramin.co.kr/zf_user/jobs/relay/view?isMypage=no&rec_idx=46281884,[코스닥상장사] 데이터 파이프라인 개발자 (신입/~5년 이하 경력),서울강서구,Python  웹개발  SE(시스템엔지니어)  데이터마이닝  데이터시각화 외 수정일 23/08/08
https://www.saramin.co.kr/zf_user/jobs/relay/view?isMypage=no&rec_idx=46362536,[부동산114] 데이터분석 및 모델링 담당자,서울서초구,Python  데이터분석가  DBA  SE(시스템엔지니어)  데이터마이닝 외 등록일 23/08/16
https://www.saramin.co.kr/zf_user/jobs/relay/view?isMypage=no&rec_idx=46421990,[대기업/시청역/복지최상] 시스템 개발 및 유지보수(전산팀),서울중구,Python  기술지원  웹개발  웹마스터  유지보수 외 수정일 23/08/28
https://www.saramin.co.kr/zf_user/jobs/relay/view?isMypage=no&rec_idx=46381248,지니언스(주) 개발자 모집,경기안양시 동안구,Python  백엔드/서버개발  빅데이터  API  C++ 외 등록일 23/08/18
https://www.saramin.co.kr/zf_user/jobs/relay/view?isMypage=no&rec_idx=46449121,ITEASY 시스템 개발팀 신입&경력 채용,서울서초구,Python  백엔드/서버개발  웹개발  프론트엔드  SE(시스템엔지니어) 외 등록일 23/08/28
https://www.saramin.co.kr/zf_user/jobs/relay/view?isMypage=no&rec_idx=46273550,[이든앤앨리스마케팅] 브랜드체험관 AE 경력직 채용,경기고양시 일산서구,Python  기술지원  백엔드/서버개발  앱개발  웹개발 외 수정일 23/08/02
https://www.saramin.co.kr/zf_user/jobs/relay/view?isMypage=no&rec_idx=46424161,위성영상 연구개발 정규직 채용,대전유성구,Python  GIS  C#  C++  Java 외 수정일 23/08/23
https://www.saramin.co.kr/zf_user/jobs/relay/view?isMypage=no&rec_idx=46439052,2023 전국 대규모 공개채용 [신입/경력] Automation 분야,전국,Python  클라우드  C++  Java  Javascript 외 수정일 23/08/25
https://www.saramin.co.kr/zf_user/jobs/relay/view?isMypage=no&rec_idx=46430627,[신입/경력] 핀테크 웹 개발자 모집,경기과천시,Python  백엔드/서버개발  웹개발  ASP  C++ 외 수정일 23/08/24
https://www.saramin.co.kr/zf_user/jobs/relay/view?isMypage=no&rec_idx=46423942,Cloud Native 엔지니어 신입 및 경력 채용,서울강남구,Python  백엔드/서버개발  웹개발  프론트엔드  네트워크 외 수정일 23/08/23
https://www.saramin.co.kr/zf_user/jobs/relay/view?isMypage=no&rec_idx=46438255,의료용 인공지능 연구원 채용,서울영등포구,Python  딥러닝  머신러닝  DBMS  RDBMS 외 수정일 23/08/25
https://www.saramin.co.kr/zf_user/jobs/relay/view?isMypage=no&rec_idx=46217633,JAVA 웹 개발자 정규직 채용 (신입 / 경력 2년 이상),서울영등포구,Python  웹개발  Java  Javascript  JSP 외 등록일 23/07/25
https://www.saramin.co.kr/zf_user/jobs/relay/view?isMypage=no&rec_idx=46263929,[면접비 지급] 인공지능 기반 머신비전 연구개발,경기화성시,Python  SI개발  딥러닝  머신러닝  빅데이터 외 등록일 23/08/01
https://www.saramin.co.kr/zf_user/jobs/relay/view?isMypage=no&rec_idx=46288604,[오픈메이트] 데이터 분석분야 신입/경력 인재 모집,서울서대문구,Python  데이터분석가  백엔드/서버개발  웹개발  IT컨설팅 외 등록일 23/08/04
https://www.saramin.co.kr/zf_user/jobs/relay/view?isMypage=no&rec_idx=46342655,페이레터(주) 결제데이터 분석 신입/경력 모집,서울강남구,Python  딥러닝  머신러닝  R  SQL 외 수정일 23/08/11
https://www.saramin.co.kr/zf_user/jobs/relay/view?isMypage=no&rec_idx=46382779,데이터분석가 신입/경력 모집,서울용산구,Python  데이터분석가  데이터엔지니어  데이터라벨링  데이터마이닝 외 등록일 23/08/18
https://www.saramin.co.kr/zf_user/jobs/relay/view?isMypage=no&rec_idx=46380211,[신입/경력] 소프트웨어(SW) 우수인재 모집,서울강남구,Python  기술지원  FPGA  H/W  S/W 외 등록일 23/08/18
https://www.saramin.co.kr/zf_user/jobs/relay/view?isMypage=no&rec_idx=46325281,데이터 분석 컨설턴트 채용 공고(신입/경력),경기성남시 분당구,Python  데이터마이닝  빅데이터  텍스트마이닝  R 외 수정일 23/08/14
https://www.saramin.co.kr/zf_user/jobs/relay/view?isMypage=no&rec_idx=46367065,모의해킹 담당자 - 사이버 보안  IT 벤처기업,서울용산구,Python  모의해킹  보안  정보보안 수정일 23/08/23
https://www.saramin.co.kr/zf_user/jobs/relay/view?isMypage=no&rec_idx=46402452,[뉴로메카] 제품개발그룹 인력 채용,서울성동구,Python  백엔드/서버개발  프론트엔드  API  Android 외 수정일 23/08/25
https://www.saramin.co.kr/zf_user/jobs/relay/view?isMypage=no&rec_idx=46409470,[뉴로메카] 시스템개발그룹 인력 채용,경북포항시 북구,Python  로봇엔지니어  로봇설계  기계조작원  기술엔지니어 외 수정일 23/08/25
https://www.saramin.co.kr/zf_user/jobs/relay/view?isMypage=no&rec_idx=46220241,시스템 개발자 채용,서울강남구,Python  백엔드/서버개발  웹개발  퍼블리셔  프론트엔드 외 등록일 23/07/25
https://www.saramin.co.kr/zf_user/jobs/relay/view?isMypage=no&rec_idx=40607070,웹풀스택 개발자,서울서초구,Python  백엔드/서버개발  웹개발  퍼블리셔  프론트엔드 외 수정일 23/07/05
https://www.saramin.co.kr/zf_user/jobs/relay/view?isMypage=no&rec_idx=46397004,[CONTEC] 소프트웨어 개발자 모집,대전유성구,Python  웹개발  딥러닝  영상처리  S/W 외 등록일 23/08/21
https://www.saramin.co.kr/zf_user/jobs/relay/view?isMypage=no&rec_idx=46421390,[Web/AI Software Engineer] 웹/인공지능 소프트웨어 엔지니어,대전유성구,Python  백엔드/서버개발  웹개발  유지보수  SI개발 외 수정일 23/08/25
https://www.saramin.co.kr/zf_user/jobs/relay/view?isMypage=no&rec_idx=46085260,[파두 FADU] 반도체 SSD  SoC 연구개발 엔지니어/전문연구요원,서울강남구,Python  솔루션  임베디드  펌웨어  H/W 외 수정일 23/08/16
https://www.saramin.co.kr/zf_user/jobs/relay/view?isMypage=no&rec_idx=46354085,[KT NexR] (DE팀) Technical Architect 채용,서울전체,Python  데이터분석가  데이터엔지니어  백엔드/서버개발  웹개발 외 수정일 23/08/14
https://www.saramin.co.kr/zf_user/jobs/relay/view?isMypage=no&rec_idx=46433394,(대구지사) Education Engineer,대구북구,Python  기술지원  솔루션  자율주행  교육기획 외 등록일 23/08/24
https://www.saramin.co.kr/zf_user/jobs/relay/view?isMypage=no&rec_idx=46387092,데이터 사이언티스트 (전문연구요원 가능),서울강남구,Python  데이터분석가  웹개발  SE(시스템엔지니어)  데이터마이닝 외 등록일 23/08/18
https://www.saramin.co.kr/zf_user/jobs/relay/view?isMypage=no&rec_idx=46314715,(주)넷맨 연구소 신입/경력 모집,서울금천구,Python  백엔드/서버개발  보안컨설팅  웹개발  프론트엔드 외 수정일 23/08/18
https://www.saramin.co.kr/zf_user/jobs/relay/view?isMypage=no&rec_idx=46434660,딥러닝/블록체인 기반 기술 R&D 및 솔루션 구축 연구개발직 연구원 채용 [부설연구소],광주북구,Python  딥러닝  블록체인  C#  Docker 외 수정일 23/08/25
https://www.saramin.co.kr/zf_user/jobs/relay/view?isMypage=no&rec_idx=46087745,Qoo10 기술본부 경력 채용 (시스템 엔지니어  DBA  보안),서울강남구,Python  백엔드/서버개발  웹개발  정보보안  퍼블리셔 외 수정일 23/08/21
https://www.saramin.co.kr/zf_user/jobs/relay/view?isMypage=no&rec_idx=46352726,인텔렉투스 자율주행/로봇 ROS 개발자 채용,서울서초구,Python  백엔드/서버개발  SE(시스템엔지니어)  네트워크  미들웨어 외 수정일 23/08/22
https://www.saramin.co.kr/zf_user/jobs/relay/view?isMypage=no&rec_idx=46433766,데이터 분석 / 머신러닝 개발자,서울전체,Python  데이터분석가  SE(시스템엔지니어)  데이터마이닝  데이터시각화 외 수정일 23/08/25
https://www.saramin.co.kr/zf_user/jobs/relay/view?isMypage=no&rec_idx=46420624,(주)마젠타로보틱스 - 2023년 하반기 팀원 채용 모집,대전유성구,Python  기술지원  FAE  SI개발  S/W 외 수정일 23/08/23
https://www.saramin.co.kr/zf_user/jobs/relay/view?isMypage=no&rec_idx=46244650,[경력] 기구설계 및 소프트웨어 개발자 채용,경기화성시,Python  자율주행  펌웨어  S/W  어셈블리 외 수정일 23/07/31
https://www.saramin.co.kr/zf_user/jobs/relay/view?isMypage=no&rec_idx=46354200,연료전지 시스템 개발자 신입 채용,울산남구,Python  SE(시스템엔지니어)  H/W  S/W  .NET 외 수정일 23/08/14
https://www.saramin.co.kr/zf_user/jobs/relay/view?isMypage=no&rec_idx=45922967,주니어 데브옵스 엔지니어(DevOps Engineer),서울서초구,Python  백엔드/서버개발  웹개발  프론트엔드  SE(시스템엔지니어) 외 등록일 23/06/14
https://www.saramin.co.kr/zf_user/jobs/relay/view?isMypage=no&rec_idx=46258360,[NDSOFT] 23년도 하반기 서비스 개발 부문(부산본사),부산해운대구,Python  백엔드/서버개발  웹개발  API  DBMS 외 수정일 23/08/01
https://www.saramin.co.kr/zf_user/jobs/relay/view?isMypage=no&rec_idx=46258382,[NDSOFT] 23년도 하반기 서비스 개발 부문(서울지사),서울강남구,Python  백엔드/서버개발  웹개발  API  DBMS 외 수정일 23/08/01
https://www.saramin.co.kr/zf_user/jobs/relay/view?isMypage=no&rec_idx=46314791,[NDSOFT] 23년도 하반기 번역 개발 부문(서울지사),서울강남구,Python  데이터분석가  데이터엔지니어  백엔드/서버개발  DBA 외 등록일 23/08/08
https://www.saramin.co.kr/zf_user/jobs/relay/view?isMypage=no&rec_idx=46314745,[NDSOFT] 23년도 하반기 번역 개발 부문(부산본사),부산해운대구,Python  데이터분석가  데이터엔지니어  백엔드/서버개발  QA/테스터 외 등록일 23/08/08
https://www.saramin.co.kr/zf_user/jobs/relay/view?isMypage=no&rec_idx=46388855,[패스오더] 급성장중인 스타트업 '그로스 마케터' 채용,부산부산진구,Python  데이터분석가  데이터엔지니어  데이터라벨링  데이터마이닝 외 수정일 23/08/24
https://www.saramin.co.kr/zf_user/jobs/relay/view?isMypage=no&rec_idx=46388839,[패스오더] 급성장중인 스타트업 '데이터 엔지니어' 채용,부산부산진구,Python  데이터분석가  데이터엔지니어  백엔드/서버개발  앱개발 외 등록일 23/08/18
https://www.saramin.co.kr/zf_user/jobs/relay/view?isMypage=no&rec_idx=46275669,데이터 분석가 신입/경력 채용,서울전체,Python  데이터분석가  데이터엔지니어  SE(시스템엔지니어)  데이터마이닝 외 등록일 23/08/02
https://www.saramin.co.kr/zf_user/jobs/relay/view?isMypage=no&rec_idx=46401241,[대전유망중소기업] (주)대건소프트 하반기 신입 개발자 모집,대전유성구,Python  백엔드/서버개발  앱개발  웹개발  유지보수 외 수정일 23/08/22
https://www.saramin.co.kr/zf_user/jobs/relay/view?isMypage=no&rec_idx=46418711,[ZUM] 크롤 플랫폼 개발자,서울서초구,Python  웹개발  DBA  SE(시스템엔지니어)  딥러닝 외 수정일 23/08/24
https://www.saramin.co.kr/zf_user/jobs/relay/view?isMypage=no&rec_idx=46418617,[ZUM] 데이터 처리 플랫폼 개발자,서울서초구,Python  웹개발  DBA  SE(시스템엔지니어)  딥러닝 외 수정일 23/08/23
https://www.saramin.co.kr/zf_user/jobs/relay/view?isMypage=no&rec_idx=46241936,데이터분석가 채용,경기성남시 분당구,Python  데이터분석가  머신러닝  빅데이터  R 외 등록일 23/07/28
https://www.saramin.co.kr/zf_user/jobs/relay/view?isMypage=no&rec_idx=46292956,(주)메인라인과 함께하실 Java 개발자(주니어)를 모집합니다.,서울마포구,Python  백엔드/서버개발  솔루션  Eclipse  Java 외 수정일 23/08/18
https://www.saramin.co.kr/zf_user/jobs/relay/view?isMypage=no&rec_idx=46408062,공공/금융 업무 및 응용 S/W 개발 신입/경력자 모집,경기의왕시,Python  앱개발  웹개발  프론트엔드  S/W 외 수정일 23/08/22
https://www.saramin.co.kr/zf_user/jobs/relay/view?isMypage=no&rec_idx=46404099,파운더-개발자 분야 경력/신입 모집,부산해운대구,Python  백엔드/서버개발  웹개발  프론트엔드  빅데이터 외 수정일 23/08/22
https://www.saramin.co.kr/zf_user/jobs/relay/view?isMypage=no&rec_idx=46271477,[주4.5일] 데이터 연구/분석자 채용,서울구로구,Python  데이터분석가  데이터엔지니어  백엔드/서버개발  데이터라벨링 외 수정일 23/08/23
https://www.saramin.co.kr/zf_user/jobs/relay/view?isMypage=no&rec_idx=46221237,Tableau TA (Technical Assistant) 채용연계형 인턴 모집,서울강남구,Python  데이터분석가  백엔드/서버개발  웹개발  프론트엔드 외 수정일 23/08/02
https://www.saramin.co.kr/zf_user/jobs/relay/view?isMypage=no&rec_idx=46096839,주니어 데이터 분석가 / 데이터 사이언티스트,서울영등포구,Python  데이터분석가  머신러닝  빅데이터  R 외 수정일 23/08/01
https://www.saramin.co.kr/zf_user/jobs/relay/view?isMypage=no&rec_idx=46393910,[노르마]각 부문별 개발자 채용(병역특례가능),서울성동구,Python  백엔드/서버개발  웹개발  정보보안  네트워크 외 등록일 23/08/21
https://www.saramin.co.kr/zf_user/jobs/relay/view?isMypage=no&rec_idx=46262888,백엔드 개발자 채용,서울서초구,Python  백엔드/서버개발  웹개발  프론트엔드  DBA 외 등록일 23/08/01
https://www.saramin.co.kr/zf_user/jobs/relay/view?isMypage=no&rec_idx=46283713,머신러닝 엔지니어 채용,서울서대문구,Python  기술지원  데이터분석가  데이터엔지니어  백엔드/서버개발 외 등록일 23/08/03
https://www.saramin.co.kr/zf_user/jobs/relay/view?isMypage=no&rec_idx=46367330,Cloud본부 java 개발자 채용 (경력),서울서초구,Python  기술지원  데이터엔지니어  백엔드/서버개발  앱개발 외 수정일 23/08/21
https://www.saramin.co.kr/zf_user/jobs/relay/view?isMypage=no&rec_idx=46258201,[대구] 전략기획본부 SW개발파트(웹 개발) 신입/경력 채용,대구중구,Python  백엔드/서버개발  웹개발  유지보수  퍼블리셔 외 등록일 23/07/31
https://www.saramin.co.kr/zf_user/jobs/relay/view?isMypage=no&rec_idx=46343295,[부산본사] 애기야가자 백엔드 개발자,부산해운대구,Python  백엔드/서버개발  Django  유지보수  클라우드 외 등록일 23/08/11
https://www.saramin.co.kr/zf_user/jobs/relay/view?isMypage=no&rec_idx=46362733,데이터엔지니어,서울강남구,Python  웹개발  DBA  SE(시스템엔지니어)  데이터마이닝 외 등록일 23/08/16
https://www.saramin.co.kr/zf_user/jobs/relay/view?isMypage=no&rec_idx=46277868,지역별 SI/SM 프로젝트 안내,서울강남구,Python  웹개발  .NET  Android  iOS 외 수정일 23/08/28
https://www.saramin.co.kr/zf_user/jobs/relay/view?isMypage=no&rec_idx=46349494,2023 주식회사 콘돌 경력직 공개 채용,서울강동구,Python  백엔드/서버개발  웹개발  웹마스터  유지보수 외 수정일 23/08/14
https://www.saramin.co.kr/zf_user/jobs/relay/view?isMypage=no&rec_idx=46312911,[연구개발 전담부서]연구직 신입/경력 채용,서울서초구,Python  자율주행  C#  C++  Java 외 수정일 23/08/24
https://www.saramin.co.kr/zf_user/jobs/relay/view?isMypage=no&rec_idx=45478853,서버/백엔드 신입 및 경력,경기전체,Python  백엔드/서버개발  웹개발  프론트엔드  DBA 외 수정일 23/07/12
https://www.saramin.co.kr/zf_user/jobs/relay/view?isMypage=no&rec_idx=46271447,AI 연구 인턴 모집 (헬스케어  의료데이터 기반),서울강남구,Python  데이터분석가  딥러닝  머신러닝  AI(인공지능) 외 수정일 23/08/02
https://www.saramin.co.kr/zf_user/jobs/relay/view?isMypage=no&rec_idx=46268920,[헥스콘 그로스팀] Problem Solver형 UX/UI 디자이너 영입,경남창원시,Python  퍼블리셔  액션스크립트  CSS  HTML 외 수정일 23/08/03
https://www.saramin.co.kr/zf_user/jobs/relay/view?isMypage=no&rec_idx=46353085,[스룩] IT개발자 분야별 채용 (서버웹개발 백/프론트엔드 웹개발,서울중구,Python  백엔드/서버개발  웹개발  프론트엔드  DBA 외 수정일 23/08/21
https://www.saramin.co.kr/zf_user/jobs/relay/view?isMypage=no&rec_idx=46424936,[miso] Back-end Developer,서울종로구,Python  백엔드/서버개발  웹개발  프론트엔드  블록체인 외 수정일 23/08/24
https://www.saramin.co.kr/zf_user/jobs/relay/view?isMypage=no&rec_idx=46106440,데이터 엔지니어(BI 개발자) 채용(신입/경력),서울강남구,Python  데이터분석가  데이터엔지니어  데이터시각화  머신러닝 외 수정일 23/07/28
https://www.saramin.co.kr/zf_user/jobs/relay/view?isMypage=no&rec_idx=46333129,비디오 커머스 개발자 모집 / 프론트엔드  백엔드,서울성동구,Python  백엔드/서버개발  앱개발  웹개발  퍼블리셔 외 등록일 23/08/10
https://www.saramin.co.kr/zf_user/jobs/relay/view?isMypage=no&rec_idx=46332949,AI 빅데이터 엔지니어 / 딥러닝 엔지니어 (빅데이터 실무자 모집),서울성동구,Python  데이터분석가  데이터엔지니어  웹개발  SE(시스템엔지니어) 외 등록일 23/08/10
https://www.saramin.co.kr/zf_user/jobs/relay/view?isMypage=no&rec_idx=46293292,인공지능/머신러닝 엔지니어 정규직 채용,서울강남구,Python  딥러닝  머신러닝  솔루션  알고리즘 외 수정일 23/08/04
https://www.saramin.co.kr/zf_user/jobs/relay/view?isMypage=no&rec_idx=46429471,AI 모델 개발자 신입/경력 채용,서울송파구,Python  딥러닝  머신러닝  음성인식  AI(인공지능) 외 수정일 23/08/24
https://www.saramin.co.kr/zf_user/jobs/relay/view?isMypage=no&rec_idx=46277225,서울대학교 AI연구원 AI양재허브센터 (5명),서울서초구,Python  AI(인공지능)  창업컨설팅  교육운영  네트워크 외 수정일 23/08/18
https://www.saramin.co.kr/zf_user/jobs/relay/view?isMypage=no&rec_idx=46417961,생물정보학(Bioinformatic) 분석연구원 정규직채용,서울동대문구,Python  데이터분석가  데이터엔지니어  모델링  R 외 수정일 23/08/24
https://www.saramin.co.kr/zf_user/jobs/relay/view?isMypage=no&rec_idx=46379489,[RAVEX] 마케팅사업부 데이터마케터 채용,서울마포구,Python  데이터시각화  Pandas  마케팅기획  퍼포먼스마케팅 외 수정일 23/08/18
https://www.saramin.co.kr/zf_user/jobs/relay/view?isMypage=no&rec_idx=46192041,백엔드 개발자 모집,서울강남구,Python  백엔드/서버개발  웹개발  프론트엔드  풀스택 외 수정일 23/07/23
https://www.saramin.co.kr/zf_user/jobs/relay/view?isMypage=no&rec_idx=46368490,2023년 데이터사이언티스트 모집합니다(경력/신입),서울강남구,Python  데이터분석가  데이터엔지니어  백엔드/서버개발  앱개발 외 수정일 23/08/17
https://www.saramin.co.kr/zf_user/jobs/relay/view?isMypage=no&rec_idx=43226714,K8S Product Support Engineer,서울전체,Python  웹개발  프론트엔드  SE(시스템엔지니어)  인프라 외 수정일 22/12/13
https://www.saramin.co.kr/zf_user/jobs/relay/view?isMypage=no&rec_idx=46249726,웹개발 정규직 채용(신입/경력),서울금천구,Python  백엔드/서버개발  웹개발  프론트엔드  Java 외 수정일 23/08/15
https://www.saramin.co.kr/zf_user/jobs/relay/view?isMypage=no&rec_idx=46350520,하반기 - 인공지능(AI)·빅데이터 개발팀,서울영등포구,Python  데이터분석가  데이터라벨링  데이터마이닝  데이터시각화 외 등록일 23/08/14
https://www.saramin.co.kr/zf_user/jobs/relay/view?isMypage=no&rec_idx=46439363,B2B 이상감지 웹 플랫폼 개발자 채용,부산기장군,Python  백엔드/서버개발  웹개발  프론트엔드  딥러닝 외 등록일 23/08/25
https://www.saramin.co.kr/zf_user/jobs/relay/view?isMypage=no&rec_idx=46243862,경영지원 대규모 채용 (HR  Finance  Legal  CES  CLS 등),서울송파구,Python  데이터분석가  데이터엔지니어  데이터라벨링  데이터마이닝 외 수정일 23/08/01
https://www.saramin.co.kr/zf_user/jobs/relay/view?isMypage=no&rec_idx=46363793,[주 5일/여의도] 당사 CX개발부 담당자 모집,서울영등포구,Python  기술지원  백엔드/서버개발  앱개발  웹개발 외 수정일 23/08/25
https://www.saramin.co.kr/zf_user/jobs/relay/view?isMypage=no&rec_idx=46340143,[ISTQB 교육/자격시험 지원]SW 테스트 엔지니어 모집(각 부문),서울강남구,Python  게임개발  기술지원  데이터분석가  데이터엔지니어 외 수정일 23/08/22
https://www.saramin.co.kr/zf_user/jobs/relay/view?isMypage=no&rec_idx=46412032,(주)솔리드이엔지 사무직 - 클라우드 기술 신입사원 모집,대전유성구,Python  기술지원  유지보수  정보보안  IT컨설팅 외 수정일 23/08/22
https://www.saramin.co.kr/zf_user/jobs/relay/view?isMypage=no&rec_idx=46178251,[넛지헬스케어] 백엔드개발 채용전환형 인턴,서울강남구,Python  백엔드/서버개발  앱개발  웹개발  웹마스터 외 수정일 23/08/25
https://www.saramin.co.kr/zf_user/jobs/relay/view?isMypage=no&rec_idx=46427659,의료데이터 분석 연구원 채용 - 아주대학교병원 신경과,경기수원시 영통구,Python  데이터분석가  데이터시각화  딥러닝  머신러닝 외 수정일 23/08/28
https://www.saramin.co.kr/zf_user/jobs/relay/view?isMypage=no&rec_idx=46181045,[클라우드네트웍스] 클라우드시스템 엔지니어 모집 (신입/경력),서울강남구,Python  기술지원  데이터엔지니어  유지보수  DBA 외 수정일 23/08/17
https://www.saramin.co.kr/zf_user/jobs/relay/view?isMypage=no&rec_idx=46328987,[정규직/코스닥상장/연봉상향조정] 정보보안팀 인프라 경력직,서울중구,Python  데이터엔지니어  정보보안  퍼블리셔  프론트엔드 외 수정일 23/08/28
https://www.saramin.co.kr/zf_user/jobs/relay/view?isMypage=no&rec_idx=46088072,[㈜테크웨이즈] 각 부문별 신입·경력사원 모집,경기용인시 수지구,Python  기술지원  SE(시스템엔지니어)  SI개발  네트워크 외 수정일 23/08/11
https://www.saramin.co.kr/zf_user/jobs/relay/view?isMypage=no&rec_idx=45533814,(주)한컴위드 프론트엔드 개발직군 채용,경기성남시 분당구,Python  백엔드/서버개발  보안컨설팅  앱개발  웹개발 외 수정일 23/08/02
https://www.saramin.co.kr/zf_user/jobs/relay/view?isMypage=no&rec_idx=46428918,[삼성SDS자회사] (주)시큐아이 경력사원 채용공고(해외영업),서울종로구,Python  보안컨설팅  정보보안  CISO  SE(시스템엔지니어) 외 등록일 23/08/24
https://www.saramin.co.kr/zf_user/jobs/relay/view?isMypage=no&rec_idx=46375963,23년 알앤비소프트 JAVA 신입 개발자 채용,경기성남시 분당구,Python  웹개발  Java  OracleDB  RDBMS 외 등록일 23/08/17
https://www.saramin.co.kr/zf_user/jobs/relay/view?isMypage=no&rec_idx=46371076,[카카오자회사] 고객향 AI 상담 솔루션 백엔드 개발자,경기성남시 분당구,Python  백엔드/서버개발  앱개발  웹개발  API 외 수정일 23/08/18
https://www.saramin.co.kr/zf_user/jobs/relay/view?isMypage=no&rec_idx=46392796,[카카오자회사] 카카오공동체 상담시스템 솔루션 개발,경기성남시 분당구,Python  백엔드/서버개발  앱개발  웹개발  API 외 등록일 23/08/21
https://www.saramin.co.kr/zf_user/jobs/relay/view?isMypage=no&rec_idx=46260607,대구본부 AI&Big Data 서비스 풀스택 웹개발자(신입/경력),대구수성구,Python  백엔드/서버개발  웹개발  유지보수  빅데이터 외 등록일 23/08/01
https://www.saramin.co.kr/zf_user/jobs/relay/view?isMypage=no&rec_idx=46116548,[SPOTV] 데이터기획팀 데이터엔지니어 채용,서울마포구,Python  데이터분석가  데이터엔지니어  데이터마이닝  데이터시각화 외 수정일 23/08/22
https://www.saramin.co.kr/zf_user/jobs/relay/view?isMypage=no&rec_idx=46308902,S/W QA & Test Engineer (신입/경력) 모집합니다.,서울구로구,Python  백엔드/서버개발  웹마스터  QA/테스터  SE(시스템엔지니어) 외 등록일 23/08/07
https://www.saramin.co.kr/zf_user/jobs/relay/view?isMypage=no&rec_idx=46341806,임베디드 하드웨어 및 소프트웨어 초.중급개발자 모집 [연구소],서울구로구,Python  백엔드/서버개발  유지보수  프론트엔드  SI개발 외 수정일 23/08/11
https://www.saramin.co.kr/zf_user/jobs/relay/view?isMypage=no&rec_idx=46298087,DSO(PM/PMO/개발자/SaaS 서비스운영자 등) 채용,서울강남구,Python  기술지원  백엔드/서버개발  앱개발  웹개발 외 수정일 23/08/23
https://www.saramin.co.kr/zf_user/jobs/relay/view?isMypage=no&rec_idx=46396752,웹개발 경력사원 채용,경기안양시 동안구,Python  백엔드/서버개발  앱개발  웹개발  퍼블리셔 외 수정일 23/08/22
https://www.saramin.co.kr/zf_user/jobs/relay/view?isMypage=no&rec_idx=45936512,ICT융합 스마트팩토리 제어설계 교육생 모집(K-디지털),충남전체,Python  데이터분석가  네트워크  딥러닝  머신러닝 외 수정일 23/06/15
https://www.saramin.co.kr/zf_user/jobs/relay/view?isMypage=no&rec_idx=46388866,[패스오더] 급성장중인 스타트업 '데브옵스 엔지니어' 채용,서울강남구,Python  기술지원  백엔드/서버개발  앱개발  웹개발 외 수정일 23/08/25
https://www.saramin.co.kr/zf_user/jobs/relay/view?isMypage=no&rec_idx=46391895,웹개발자 및 IOT관련장비 유지보수 경력무관 모집합니다 - 정규,대구동구,Python  웹개발  프론트엔드  Java  PHP 외 수정일 23/08/20
https://www.saramin.co.kr/zf_user/jobs/relay/view?isMypage=no&rec_idx=46409366,[용인]르노코리아자동차 중앙연구소 데이터관리직 채용,경기용인시 기흥구,Python  데이터분석가  데이터엔지니어  웹개발  데이터라벨링 외 수정일 23/08/22
https://www.saramin.co.kr/zf_user/jobs/relay/view?isMypage=no&rec_idx=46197349,[사세확장 충원] 이미지 데이터 단순 가공(라벨링),경기안양시 동안구,Python  AI(인공지능)  VisualC·C++  R&D  연구소 수정일 23/08/23
https://www.saramin.co.kr/zf_user/jobs/relay/view?isMypage=no&rec_idx=46339737,에이아이티스토리 개발자 채용 (신입 가능  경력자 우대),서울서초구,Python  웹개발  DBA  모델링  빅데이터 외 수정일 23/08/11
https://www.saramin.co.kr/zf_user/jobs/relay/view?isMypage=no&rec_idx=46373140,[자동차][BMW] 해외 완성차 OEM 업체 전장 부분 개발/QA,인천중구,Python  데이터분석가  데이터엔지니어  QA/테스터  MySQL 외 수정일 23/08/18
https://www.saramin.co.kr/zf_user/jobs/relay/view?isMypage=no&rec_idx=46414103,[주4.5일] Back end (JAVA) 개발자 채용,서울구로구,Python  백엔드/서버개발  앱개발  웹개발  프론트엔드 외 등록일 23/08/22
https://www.saramin.co.kr/zf_user/jobs/relay/view?isMypage=no&rec_idx=46327113,[위뉴] 국가 R&D 사업 과제연구원 채용,경기고양시 일산동구,Python  데이터분석가  데이터라벨링  딥러닝  머신러닝 외 수정일 23/08/23
https://www.saramin.co.kr/zf_user/jobs/relay/view?isMypage=no&rec_idx=45888446,KEPCO Digital Boot Camp 전력빅데이터기반 융합SW개발자 2기 모집,광주광산구,Python  데이터분석가  데이터엔지니어  백엔드/서버개발  프론트엔드 외 수정일 23/08/02
https://www.saramin.co.kr/zf_user/jobs/relay/view?isMypage=no&rec_idx=46348912,IT 경력직 채용(백엔드개발  서비스기획  CRM 마케팅),서울강남구,Python  백엔드/서버개발  보안컨설팅  유지보수  정보보안 외 수정일 23/08/14
https://www.saramin.co.kr/zf_user/jobs/relay/view?isMypage=no&rec_idx=46412777,데이터 엔지니어(GCP) 경력채용,서울강남구,Python  기술지원  데이터분석가  데이터엔지니어  웹마스터 외 수정일 23/08/22
https://www.saramin.co.kr/zf_user/jobs/relay/view?isMypage=no&rec_idx=46415121,인공지능 AI 와 빅데이터 분석 및 프로그램 개발자 모집,서울금천구,Python  데이터분석가  데이터엔지니어  DBA  데이터마이닝 외 등록일 23/08/22
https://www.saramin.co.kr/zf_user/jobs/relay/view?isMypage=no&rec_idx=46425883,신입 ERP 개발 및 유지보수 채용,서울금천구,Python  데이터분석가  데이터엔지니어  앱개발  웹개발 외 등록일 23/08/24
https://www.saramin.co.kr/zf_user/jobs/relay/view?isMypage=no&rec_idx=46261809,[주3일출근] 프론트앤드 및 서버개발자 모집,서울영등포구,Python  백엔드/서버개발  앱개발  웹개발  퍼블리셔 외 수정일 23/08/01
https://www.saramin.co.kr/zf_user/jobs/relay/view?isMypage=no&rec_idx=46415159,빅데이터 분석 및 프로그램 개발자 인턴 모십니다.,서울금천구,Python  데이터분석가  데이터엔지니어  데이터라벨링  데이터마이닝 외 등록일 23/08/22
https://www.saramin.co.kr/zf_user/jobs/relay/view?isMypage=no&rec_idx=46448851,프론트엔드,서울용산구,Python  퍼블리셔  프론트엔드  반응형웹  인터페이스 외 수정일 23/08/28
https://www.saramin.co.kr/zf_user/jobs/relay/view?isMypage=no&rec_idx=46365858,[스타랩스] 웹개발자 초/중/고/특급 채용,서울강남구,Python  백엔드/서버개발  웹개발  프론트엔드  SE(시스템엔지니어) 외 수정일 23/08/28
https://www.saramin.co.kr/zf_user/jobs/relay/view?isMypage=no&rec_idx=46200525,[강남] 프론트엔드 개발자,서울강남구,Python  프론트엔드  .NET  C#  HTML 외 등록일 23/07/21
https://www.saramin.co.kr/zf_user/jobs/relay/view?isMypage=no&rec_idx=46336538,웹(Java) 및 AI/딥러닝 개발자 모집 - 경력 / 신입,서울영등포구,Python  백엔드/서버개발  웹개발  프론트엔드  딥러닝 외 등록일 23/08/11
https://www.saramin.co.kr/zf_user/jobs/relay/view?isMypage=no&rec_idx=46318351,[국내메이플] 데이터 분석가,경기성남시 분당구,데이터분석가  게임 등록일 23/08/08
https://www.saramin.co.kr/zf_user/jobs/relay/view?isMypage=no&rec_idx=46429304,[GST]기업부설연구소 연구직 경력직 모집,경기화성시,유지보수  S/W  설계엔지니어  기계설계  기구설계 외 수정일 23/08/24
https://www.saramin.co.kr/zf_user/jobs/relay/view?isMypage=no&rec_idx=46236704,소프트웨어개발  자재관리  기술지원  품질관리 분야 사원 모집,대전유성구,기술지원  웹개발  유지보수  정보보안  IT컨설팅 외 수정일 23/08/01
https://www.saramin.co.kr/zf_user/jobs/relay/view?isMypage=no&rec_idx=46387828,[시스메이트] 부문별 경력직 채용,서울금천구,웹개발  웹마스터  솔루션  사무행정  인사행정 외 수정일 23/08/18
https://www.saramin.co.kr/zf_user/jobs/relay/view?isMypage=no&rec_idx=46438067,23년 하반기 공개채용(PM  S/W  F/W개발  기구설계 외),경기평택시,기술지원  백엔드/서버개발  앱개발  웹개발  퍼블리셔 외 수정일 23/08/28
https://www.saramin.co.kr/zf_user/jobs/relay/view?isMypage=no&rec_idx=46252763,2023년 나비엠알오 IT  전략소싱(MD)  고객지원(CS 계약직) 채용공고,서울금천구,백엔드/서버개발  프론트엔드  RDBMS  Java  jQuery 외 수정일 23/08/07
https://www.saramin.co.kr/zf_user/jobs/relay/view?isMypage=no&rec_idx=46374451,[모션테크놀로지] 2023년 하반기 각 부문 신입/경력 공개채용,서울강남구,게임개발  기술지원  데이터시각화  딥러닝  머신러닝 외 수정일 23/08/21
https://www.saramin.co.kr/zf_user/jobs/relay/view?isMypage=no&rec_idx=46181477,[알에스엔] 빅데이터 기획자 분야별 신입/경력 채용,경기고양시 일산서구,데이터분석가  데이터엔지니어  데이터시각화  모델링  빅데이터 외 수정일 23/07/19
https://www.saramin.co.kr/zf_user/jobs/relay/view?isMypage=no&rec_idx=46333261,서울아산병원 바이오메디컬컴퓨팅 코어 신입 연구원 모집,서울송파구,딥러닝  머신러닝  빅데이터  영상처리  이미지프로세싱 외 등록일 23/08/10
https://www.saramin.co.kr/zf_user/jobs/relay/view?isMypage=no&rec_idx=46394599,[국비무료IT취업과정]자바/프론트엔드/백엔드/풀스택/빅데이터외,서울강남구,데이터분석가  데이터엔지니어  앱개발  웹개발  웹마스터 외 수정일 23/08/24
https://www.saramin.co.kr/zf_user/jobs/relay/view?isMypage=no&rec_idx=46423068,현대캐피탈 각 부문 경력직 채용,서울중구,백엔드/서버개발  앱개발  정보보안  QA/테스터  SE(시스템엔지니어) 외 수정일 23/08/28
https://www.saramin.co.kr/zf_user/jobs/relay/view?isMypage=no&rec_idx=46392926,[코스닥상장사] 경영관리 담당자 채용,서울송파구,관리회계  재무분석  채권관리  회계  재무 외 등록일 23/08/21
https://www.saramin.co.kr/zf_user/jobs/relay/view?isMypage=no&rec_idx=46323535,[데이트코스 1위 앱 데이트팝] 컨텐츠 에디터 프리랜서 모집,서울서초구,콘텐츠관리  스크립터  작가  스토리텔링  콘텐츠기획 외 등록일 23/08/09
https://www.saramin.co.kr/zf_user/jobs/relay/view?isMypage=no&rec_idx=46332610,SML제니트리 경력직 수시채용 [RnD  생산  QC  구매물류],서울송파구,임상병리사  분자진단  생명과학  유전자  의료기기연구 외 수정일 23/08/23
https://www.saramin.co.kr/zf_user/jobs/relay/view?isMypage=no&rec_idx=46279255,(주)로커스 애니메이션사업본부 분야별 모집 안내,서울강남구,만화/웹툰  라이팅  렌더링  만화/웹툰  모델링 외 수정일 23/08/18
https://www.saramin.co.kr/zf_user/jobs/relay/view?isMypage=no&rec_idx=46428684,[크립토랩] 재무 담당자 채용,서울관악구,자금관리  재무회계  회계  재무  더존 외 수정일 23/08/24
https://www.saramin.co.kr/zf_user/jobs/relay/view?isMypage=no&rec_idx=46438316,(주)에이비에이치 2023 신입/경력사원 기획팀 채용,울산중구,문서작성  자료조사  PowerPoint  연구원  R&D기획 외 수정일 23/08/25
https://www.saramin.co.kr/zf_user/jobs/relay/view?isMypage=no&rec_idx=46289166,(주)이프 경영지원부 경력직 채용,경기화성시,경리  회계사  법인결산  재무기획  전표입력 외 수정일 23/08/04
https://www.saramin.co.kr/zf_user/jobs/relay/view?isMypage=no&rec_idx=46300376,인더스마트(주) 정규직 모집 공고 (인사총무팀),서울종로구,총무  인사행정  인사  PhotoShop  의료기기 등록일 23/08/07
https://www.saramin.co.kr/zf_user/jobs/relay/view?isMypage=no&rec_idx=46360650,SGS KOREA 연구개발부문 채용(H/W  공정  PLASMA  RIO  특허),경기화성시,변리사  특허명세사  기술사업화  특허관리  특허분석 외 수정일 23/08/16
https://www.saramin.co.kr/zf_user/jobs/relay/view?isMypage=no&rec_idx=46418036,[HL만도] 2023년 Steering BU 공장운영기획 분야 경력채용,강원원주시,경영기획  전략기획  SCM  제조  생산 외 수정일 23/08/23
https://www.saramin.co.kr/zf_user/jobs/relay/view?isMypage=no&rec_idx=46272348,주식운용본부 퀀트 운용지원 신입/경력 채용,서울서초구,전략기획  리서치  투자전략  펀드매니저  자산운용 외 수정일 23/08/02
https://www.saramin.co.kr/zf_user/jobs/relay/view?isMypage=no&rec_idx=46397728,[환경기술팀] 통합환경허가 및 환경인허가 경력/신입 사원 모집,울산남구,대기환경기사  수질환경기사  환경관리자  환경영향평가  통합환경허가 외 등록일 23/08/21
https://www.saramin.co.kr/zf_user/jobs/relay/view?isMypage=no&rec_idx=46281556,[CFS] 쿠팡 안성5센터 TW 현장관리자 (TW Team Captain)모집,경기안성시,물류관리  유통관리  입고/입하  출고/출하  구매 외 등록일 23/08/03
https://www.saramin.co.kr/zf_user/jobs/relay/view?isMypage=no&rec_idx=46438557,2023년 하반기 신입사원 모집공고,서울강남구,조경공사  토목공사  공무  구조설계  건축공사 외 등록일 23/08/25
https://www.saramin.co.kr/zf_user/jobs/relay/view?isMypage=no&rec_idx=46293266,[국내메이플] 시스템 엔지니어,경기성남시 분당구,Python  게임개발  네트워크  스크립트  Windows 외 수정일 23/08/24
https://www.saramin.co.kr/zf_user/jobs/relay/view?isMypage=no&rec_idx=46322745,Hardware/Firmware Engineer (하드웨어/펌웨어/의료기기) Senior,경기고양시 덕양구,Python  알고리즘  정보통신  펌웨어  FPGA 외 등록일 23/08/09
https://www.saramin.co.kr/zf_user/jobs/relay/view?isMypage=no&rec_idx=46046281,[네오플] 게임그래픽 직군 분야별 모집,제주제주시,Python  게임개발  모델링  게임디자인  모바일디자인 외 수정일 23/08/23
https://www.saramin.co.kr/zf_user/jobs/relay/view?isMypage=no&rec_idx=46311739,서울대병원 영상의학과 AI 연구회 연구원 채용,서울종로구,Python  딥러닝  빅데이터  연구원  R 외 수정일 23/08/18
https://www.saramin.co.kr/zf_user/jobs/relay/view?isMypage=no&rec_idx=46369359,Software Development Engineer (ReUse Development Center),경기화성시,Python  S/W  C#  C++  LabVIEW 외 등록일 23/08/16
https://www.saramin.co.kr/zf_user/jobs/relay/view?isMypage=no&rec_idx=46268403,DBA - Cloud DB팀,서울강남구,Python  백엔드/서버개발  웹개발  DBA  블록체인 외 등록일 23/08/01
https://www.saramin.co.kr/zf_user/jobs/relay/view?isMypage=no&rec_idx=46370803,Software Engineer  Back-end - 데일리호텔,서울강남구,Python  백엔드/서버개발  웹개발  프론트엔드  DBA 외 수정일 23/08/17
https://www.saramin.co.kr/zf_user/jobs/relay/view?isMypage=no&rec_idx=46381805,[OK저축은행] CSS관리 전문인력(팀장) 채용 공고,서울중구,Python  데이터마이닝  대출심사  인프라  CSS 외 등록일 23/08/18
https://www.saramin.co.kr/zf_user/jobs/relay/view?isMypage=no&rec_idx=46403336,충북대학교병원 인공지능센터 AI연구원 채용공고,충북청주시 서원구,Python  딥러닝  머신러닝  빅데이터  AI(인공지능) 외 수정일 23/08/21
https://www.saramin.co.kr/zf_user/jobs/relay/view?isMypage=no&rec_idx=46364052,[자율주행/서울] Deep Learning  SW Engineer,서울강남구,Python  알고리즘  영상처리  이미지프로세싱  임베디드 외 등록일 23/08/16
https://www.saramin.co.kr/zf_user/jobs/relay/view?isMypage=no&rec_idx=46396069,S/W 파트 경력 채용 [CM 개발팀],인천연수구,Python  데이터분석가  데이터엔지니어  데이터시각화  알고리즘 외 수정일 23/08/21
https://www.saramin.co.kr/zf_user/jobs/relay/view?isMypage=no&rec_idx=46020494,[메타엠]기술연구소 개발자 채용,서울중구,Python  백엔드/서버개발  앱개발  웹개발  퍼블리셔 외 수정일 23/08/28
https://www.saramin.co.kr/zf_user/jobs/relay/view?isMypage=no&rec_idx=46413763,PHP Back-end(백엔드) 개발자 경력직 채용,서울강남구,Python  백엔드/서버개발  웹개발  유지보수  RDBMS 외 수정일 23/08/22
https://www.saramin.co.kr/zf_user/jobs/relay/view?isMypage=no&rec_idx=46263502,SW Application 개발,경기전체,Python  앱개발  웹개발  SE(시스템엔지니어)  RTOS 외 등록일 23/08/01
https://www.saramin.co.kr/zf_user/jobs/relay/view?isMypage=no&rec_idx=45602915,[SW] AI 자동화 기술 SW개발,경기전체,Python  데이터분석가  딥러닝  머신러닝  블록체인 외 수정일 23/04/28
https://www.saramin.co.kr/zf_user/jobs/relay/view?isMypage=no&rec_idx=46308039,Web Service / Back-End 엔지니어,서울강남구,Python  백엔드/서버개발  웹개발  프론트엔드  인프라 외 등록일 23/08/07
https://www.saramin.co.kr/zf_user/jobs/relay/view?isMypage=no&rec_idx=46351357,Web Service 개발 / 유지보수,서울강남구,Python  백엔드/서버개발  웹개발  퍼블리셔  프론트엔드 외 등록일 23/08/14
https://www.saramin.co.kr/zf_user/jobs/relay/view?isMypage=no&rec_idx=46367650,웹 개발자 모집,서울서초구,Python  백엔드/서버개발  웹개발  프론트엔드  DBA 외 수정일 23/08/16
https://www.saramin.co.kr/zf_user/jobs/relay/view?isMypage=no&rec_idx=46411096,[아프리카TV] 데이터 분석 및 지표 설계,경기성남시 분당구,Python  데이터분석가  데이터엔지니어  데이터마이닝  데이터시각화 외 등록일 23/08/22
https://www.saramin.co.kr/zf_user/jobs/relay/view?isMypage=no&rec_idx=43823196,[Data Analytics팀] DA분석컨설팅 직무,서울전체,Python  데이터분석가  데이터엔지니어  SE(시스템엔지니어)  데이터마이닝 외 수정일 22/08/23
https://www.saramin.co.kr/zf_user/jobs/relay/view?isMypage=no&rec_idx=45969441,AI 연구원,경기전체,Python  데이터분석가  데이터엔지니어  데이터마이닝  데이터시각화 외 등록일 23/06/20
https://www.saramin.co.kr/zf_user/jobs/relay/view?isMypage=no&rec_idx=46257198,[제이에스티나] CRM부문 경력직 모집,서울송파구,Python  데이터분석가  데이터엔지니어  데이터라벨링  데이터마이닝 외 등록일 23/07/31
https://www.saramin.co.kr/zf_user/jobs/relay/view?isMypage=no&rec_idx=46343397,카메라 BackEnd 개발,경기전체,Python  백엔드/서버개발  웹개발  SE(시스템엔지니어)  네트워크 외 등록일 23/08/11
https://www.saramin.co.kr/zf_user/jobs/relay/view?isMypage=no&rec_idx=46363582,디지털마케팅 데이터분석 전문가 (국내 최고대기업 계열),서울강남구,Python  데이터분석가  데이터엔지니어  빅데이터  클라우드 외 수정일 23/08/28
https://www.saramin.co.kr/zf_user/jobs/relay/view?isMypage=no&rec_idx=46118873,[NHN] 페이코 서비스 데이터 사이언티스트,경기성남시 분당구,Python  데이터분석가  데이터엔지니어  빅데이터  데이터분석 외 등록일 23/07/11
https://www.saramin.co.kr/zf_user/jobs/relay/view?isMypage=no&rec_idx=46331605,소프트웨어 개발 정규직 인력채용,경기화성시,Python  머신러닝  AI(인공지능)  모델링  빅데이터 외 등록일 23/08/10
https://www.saramin.co.kr/zf_user/jobs/relay/view?isMypage=no&rec_idx=46393009,시너스텍(주) S/W팀 수시채용,경기성남시 분당구,Python  S/W  AI(인공지능)  C#  C++ 외 등록일 23/08/21
https://www.saramin.co.kr/zf_user/jobs/relay/view?isMypage=no&rec_idx=46431540,[광화문/신입/재택병행] 외국계 유명IT사 Jr. 테크라이터 모집,서울종로구,Python  기술지원  앱개발  웹개발  유지보수 외 등록일 23/08/24
https://www.saramin.co.kr/zf_user/jobs/relay/view?isMypage=no&rec_idx=46449233,보안인프라팀 시스템 운영 엔지니어 경력직 채용 (정규직),서울강남구,Python  정보보안  CISO  인프라  펌웨어 외 등록일 23/08/28
https://www.saramin.co.kr/zf_user/jobs/relay/view?isMypage=no&rec_idx=43381967,보안 솔루션 및 플랫폼 개발자 채용,서울전체,Python  백엔드/서버개발  웹개발  SE(시스템엔지니어)  블록체인 외 수정일 22/09/05
https://www.saramin.co.kr/zf_user/jobs/relay/view?isMypage=no&rec_idx=46055878,(주)인터엠 연구소 부문별 신입/경력 채용 모집,서울도봉구,Python  임베디드  API  Ajax  C++ 외 수정일 23/07/05
https://www.saramin.co.kr/zf_user/jobs/relay/view?isMypage=no&rec_idx=46219941,㈜캠시스 카메라솔루션개발팀 파트별 경력직 채용,인천연수구,Python  H/W  S/W  광학설계  딥러닝 외 수정일 23/08/22
https://www.saramin.co.kr/zf_user/jobs/relay/view?isMypage=no&rec_idx=46128194,[경력]Data Analyst 채용,서울구로구,Python  데이터분석가  백엔드/서버개발  앱개발  웹개발 외 수정일 23/07/19
https://www.saramin.co.kr/zf_user/jobs/relay/view?isMypage=no&rec_idx=45591062,[캐시워크] 데이터분석 담당 (석사/박사),서울강남구,Python  데이터분석가  SE(시스템엔지니어)  데이터마이닝  데이터시각화 외 수정일 23/07/13
https://www.saramin.co.kr/zf_user/jobs/relay/view?isMypage=no&rec_idx=46302186,(주)사이버메드 S/W 정규직 채용,대전유성구,Python  DevOps  S/W  AI(인공지능)  C++ 외 등록일 23/08/07
https://www.saramin.co.kr/zf_user/jobs/relay/view?isMypage=no&rec_idx=46335065,데이터베이스 구축 및 서버관리,경기전체,Python  웹개발  DBA  DBMS  RDBMS 외 등록일 23/08/10
https://www.saramin.co.kr/zf_user/jobs/relay/view?isMypage=no&rec_idx=46187317,[기술지원본부] 인프라팀 네트워크/보안 엔지니어 채용,서울중구,Python  네트워크  방화벽  인프라  Linux 외 수정일 23/07/20
https://www.saramin.co.kr/zf_user/jobs/relay/view?isMypage=no&rec_idx=46031500,[매니지드기술지원팀] IDC 인프라 엔지니어 모집,경기고양시 일산동구,Python  기술지원  IT컨설팅  솔루션  인프라 외 수정일 23/06/29
https://www.saramin.co.kr/zf_user/jobs/relay/view?isMypage=no&rec_idx=46096898,㈜지엔코 시스템부문 개발팀 및 전산운영팀 경력직원 채용,서울송파구,Python  백엔드/서버개발  웹개발  웹마스터  정보보안 외 수정일 23/08/03
https://www.saramin.co.kr/zf_user/jobs/relay/view?isMypage=no&rec_idx=46221992,[클라우드서비스팀] 클라우드 서비스 엔지니어,서울동작구,Python  SE(시스템엔지니어)  솔루션  인프라  정보통신 외 수정일 23/08/01
https://www.saramin.co.kr/zf_user/jobs/relay/view?isMypage=no&rec_idx=46280068,[실내배송로봇 연구개발] - Computer Vision & Machine learning,서울강서구,Python  S/W  C++  기계  기계설계 외 등록일 23/08/03
https://www.saramin.co.kr/zf_user/jobs/relay/view?isMypage=no&rec_idx=46372535,[가온그룹] 소프트웨어 QA 담당자 채용,경기성남시 분당구,Python  QA/테스터  네트워크  솔루션  음성인식 외 수정일 23/08/17
https://www.saramin.co.kr/zf_user/jobs/relay/view?isMypage=no&rec_idx=46419482,[합정역/max연1억] AWS엔지니어(CI/CD/Terraform/Devops),서울마포구,Python  SE(시스템엔지니어)  네트워크  솔루션  인프라 외 등록일 23/08/23
https://www.saramin.co.kr/zf_user/jobs/relay/view?isMypage=no&rec_idx=46301843,[코스닥상장사 수산INT] 개발직군 경력직 모집,서울강남구,Python  기술지원  데이터엔지니어  백엔드/서버개발  보안컨설팅 외 수정일 23/08/07
https://www.saramin.co.kr/zf_user/jobs/relay/view?isMypage=no&rec_idx=46439258,[정규직/주5일/금요일 재택] 웹개발 시니어 채용(스마트팩토리),서울서초구,Python  웹개발  ASP  HTML  Java 외 등록일 23/08/25
https://www.saramin.co.kr/zf_user/jobs/relay/view?isMypage=no&rec_idx=40501526,[에너지 IT기업 해줌] 백엔드 개발자 채용,서울전체,Python  백엔드/서버개발  웹개발  프론트엔드  DBA 외 수정일 23/02/22
https://www.saramin.co.kr/zf_user/jobs/relay/view?isMypage=no&rec_idx=46259768,[LG그룹] 미주 스마트팩토리 IT인프라 운영 (서버/네트워크),미국미국,Python  VMware  Linux  기술지원  네트워크 외 등록일 23/07/31
https://www.saramin.co.kr/zf_user/jobs/relay/view?isMypage=no&rec_idx=46276115,[전문연구요원] AI 비전 딥러닝 개발자 모집,경기성남시 분당구,Python  딥러닝  머신러닝  알고리즘  영상처리 외 수정일 23/08/02
